#1Letters | 1#2 Letters
fj
dk
sl
a;
gh
fh
jg
ru
ei
wo
qp
fy
jr
gy
ht
di
ke
so
lw
ap
;q
bn
vm
yt
e,
wn
pz
c,
x.
z/
a[
f]
a'
a\
w.
q/

#1Letters | 2#4 Letters
agsd
j;kl
sflj
as;l
f;aj
a;sl
g;wo
g'lw
ghfj
dksl
sla;
eia;
z/a;
woei
bnwo
eity
bpzh
qpa'
az/s
x.dk
q/xo
woz/
qpz/
x.wo
c,ei
q/zp
w.so
gynw
nobt
tybh
wpz,
.w,c
cygn
bmwy
tx.y
c,wo
yodw
ghx.
ghz/
qwpo
woa;
q/zp
xoe,
rnby

#2Numbers and Symbols | 1#Numbers
12345678
90876543
10293847
24681357
36924680
12309876
12+73=85
30+34=64
98-24=74
4*75=300
3*40=120
3**6=729
20/2=?10
60/10=?6
1+2+9=12
1a+2a=3a

#2Numbers and Symbols | 2#Symbols
~!@#$%^&
*()_+=-#
5>3=3<5?
1,2./\|@
{|\/<>.}
~4&~4=-5
120#>99$
99$!=99#
1&1|2#@%
!2+!34=0
(1+9)=10
[4+9]=13
{4+7}=11
|-12|=12
\[ab]$\g
:%s/`/^^

#3Words | 1#A
Aam Aas Aba Abb Abc Abd<br/>Abe Abl Abn Abo Abp Abr<br/>Abs Abt Abu Abv Aby Acc<br/>Ace Ach Ack Act Acy Ada<br/>Adc Add Ade Adj Adm Ado<br/>Adp Ads Adv Ady Adz Aeq<br/>Aer Aes Aet Afb Afd Aff<br/>Aft Aga Age Ago Agr Agt<br/>Agy Aha Ahi Aho Ahs Aht<br/>Ahu Aid Aik Ail Aim Ain<br/>Air Ais Ait Aix Aka Ake<br/>Ako Aku Ala Alb Alc Ald
Aals Aani Aaru Abac Abas Abay<br/>Abba Abbe Abbr Abby Abed Abel<br/>Abet Abey Abib Abie Abir Abit<br/>Able Ably Abos Abow Abox Abri<br/>Absi Abut Abye Abys Acad Acca<br/>Acce Acct Aced Acer Aces Ache<br/>Achy Acid Acis Acle Aclu Acme<br/>Acne Acop Acor Acpt Acre Acta<br/>Actg Acts Actu Acus Acyl Adad<br/>Adai Adam Adar Adat Adaw Aday<br/>Adda Addn Addr Adds Addu Addy<br/>Aden Adet Adib Adin Adit Adjt
Aalii Aargh Aaron Abaca Abaci Aback<br/>Abada Abaff Abaft Abaka Abama Abamp<br/>Aband Abase Abash Abask Abate Abaue<br/>Abave Abaze Abbas Abbes Abbey Abbie<br/>Abbot Abdal Abdat Abdom Abeam Abear<br/>Abede Abele Abend Aberr Abets Abhor<br/>Abide Abidi Abies Abilo Abime Abkar<br/>Abler Ables Ablet Ablow Abmho Abner<br/>Abnet Abode Abody Abohm Aboil Aboma<br/>Aboon Abord Abort Abote About Above<br/>Abram Abray Abret Abrim Abrin Abris<br/>Abrus Absee Absey Absis Absit Abstr
Aaliis Aarrgh Ababua Abacas Abacay Abacli<br/>Abacot Abacus Abadia Abakas Abamps Abanet<br/>Abanga Abanic Abaris Abased Abaser Abases<br/>Abasgi Abasia Abasic Abasio Abassi Abated<br/>Abater Abates Abatic Abatis Abaton Abator<br/>Abattu Abatua Abayah Abbacy Abbasi Abbate<br/>Abbaye Abbess Abbest Abbeys Abbots Abbott<br/>Abbrev Abcess Abdali Abdest Abdiel Abduce<br/>Abduct Abedge Abegge Abeigh Abeles Abelia<br/>Abends Aberia Abesse Abhors Abidal Abided<br/>Abider Abides Abiegh Abient Abigei Abilao<br/>Abilla Abipon Abject Abjure Abkari Abkary
Aaronic Aarrghh Ababdeh Abacate Abacaxi Abacist<br/>Abactor Abaculi Abaddon Abadejo Abadite Abaised<br/>Abaiser Abaisse Abalone Abandon Abandum Abantes<br/>Abasers Abashed Abashes Abasias Abasing Abassin<br/>Abatage Abaters Abating Abators Abattis Abattue<br/>Abature Abaxial Abaxile Abbasid Abbassi Abbatie<br/>Abbotcy Abbozzo Abcissa Abdaria Abdomen Abduced<br/>Abduces Abducts Abelian Abelite Abettal Abetted<br/>Abetter Abettor Abeyant Abfarad Abhenry Abidden<br/>Abiders Abiding Abience Abietic Abietin Abiezer<br/>Abigail Abigeat Abigeus Abilene Ability Abioses<br/>Abiosis Abiotic Abiston Abitibi Abiuret Abjoint
Aardvark Aardwolf Aaronite Aasvogel Abacisci Abaction<br/>Abaculus Abacuses Abadengo Abaissed Abalones Abampere<br/>Abandons Abapical Abarambo Abasedly Abashing Abastard<br/>Abastral Abatable Abatised Abatises Abatjour Abattage<br/>Abattoir Abbacies Abbadide Abbatial Abbesses Abbogada<br/>Abbotric Abderian Abderite Abdicant Abdicate Abditive<br/>Abditory Abdomens Abdomina Abducens Abducent Abducing<br/>Abducted Abductor Abelicea Abelmosk Abelmusk Abeltree<br/>Aberdeen Aberrant Aberrate Abessive Abetment Abettals<br/>Abetters Abetting Abettors Abeyance Abeyancy Abfarads<br/>Abhenrys Abhinaya Abhiseka Abhorred Abhorrer Abhorson<br/>Abichite Abidance Abietate Abietene Abietite Abigails

#3Words | 2#B
Baa Bab Bac Bad Bae Bag<br/>Bah Bai Bal Bam Ban Bap<br/>Bar Bas Bat Baw Bay Bbl<br/>Bbs Bcd Bcf Bch Bde Bdl<br/>Bds Bea Bec Bed Bee Bef<br/>Beg Bel Ben Ber Bes Bet<br/>Bey Bhd Bhp Bib Bid Big<br/>Bim Bin Bio Bis Bit Biz<br/>Bkg Bks Bkt Bld Blk Blo<br/>Bls Bnf Boa Bob Boc Bod<br/>Boe Bog Boh Bol Bom Bon<br/>Boo Bop Bor Bos Bot Bow
Baal Baar Baas Baba Babe Babi<br/>Babs Babu Baby Bach Back Bact<br/>Bade Bads Bael Baff Baft Baga<br/>Bagh Bago Bags Baho Baht Bail<br/>Bain Bais Bait Baja Baka Bake<br/>Baku Bala Bald Bale Bali Balk<br/>Ball Balm Balr Bals Balt Balu<br/>Bams Bana Banc Band Bane Bang<br/>Bani Bank Bans Bant Bapt Bara<br/>Barb Bard Bare Barf Bari Bark<br/>Barm Barn Barr Bars Bart Baru<br/>Base Bash Bask Bass Bast Bate
Baaed Baals Babai Babas Babby Babel<br/>Babes Babis Babka Bable Baboo Babua<br/>Babul Babus Bacao Bacca Baccy Bache<br/>Bacin Bacis Backs Backy Bacon Badan<br/>Baddy Badge Badju Badly Badon Baffs<br/>Baffy Bafta Bagdi Bagel Bagge Baggy<br/>Bagie Bagio Bagle Bagne Bagre Bahai<br/>Baham Bahan Bahar Bahay Bahoe Bahoo<br/>Bahts Bahur Bahut Baign Baile Bailo<br/>Bails Baioc Bairn Baith Baits Baiza<br/>Baize Bajan Bajau Bajra Bajri Bakal<br/>Baked Baken Baker Bakes Bakie Bakli
Baaing Baalim Babasu Babbie Babbit Babble<br/>Babbly Babels Babery Babhan Babied Babies<br/>Babine Babion Babish Babism Babist Babite<br/>Babkas Bablah Babloh Baboen Babool Baboon<br/>Baboos Baboot Babuls Babuma Baburd Bacaba<br/>Bacach Baccae Baccar Bached Bachel Baches<br/>Bacile Backed Backen Backer Backet Backie<br/>Backup Backus Baclin Bacons Bacony Bacopa<br/>Bacula Bacule Baculi Bacury Badaga Badass<br/>Badaud Badawi Badaxe Badder Baddie Badged<br/>Badger Badges Badgir Badhan Badian Badman<br/>Badmen Baeria Baetyl Bafaro Baffed Baffle
Baalath Baalish Baalism Baalist Baalite Baalize<br/>Baaskap Babasco Babassu Babbage Babbitt Babbled<br/>Babbler Babbles Babbool Babcock Babelet Babelic<br/>Babesia Babiana Babiche Babiism Babongo Babools<br/>Baboons Baboosh Babroot Babudom Babuina Babuism<br/>Babydom Babying Babyish Babyism Babylon Babysat<br/>Babysit Bacalao Bacauan Baccara Baccare Baccate<br/>Bacchae Bacchar Bacchic Bacchii Bacchus Baccies<br/>Baching Bacilli Backage Backare Backbar Backbit<br/>Backcap Backers Backhoe Backing Backjaw Backlet<br/>Backlit Backlog Backoff Backout Backrun Backsaw<br/>Backset Backsey Backups Backway Baclava Baconer
Baahling Baalisms Baalshem Baaskaap Babajaga Babakoto<br/>Babassus Babaylan Babbitts Babblers Babbling Babblish<br/>Babbools Babehood Babeldom Babelike Babelish Babelism<br/>Babelize Babeship Babesias Babiches Babirusa Babished<br/>Babishly Baboodom Babooism Babouche Babracot Babushka<br/>Babyfied Babyhood Babylike Babyship Bacalaos Baccaras<br/>Baccarat Baccated Bacchant Bacchiac Bacchian Bacchius<br/>Baccilla Baccilli Bachelor Bachelry Bachichi Bacilary<br/>Bacillar Bacillus Backache Backachy Backband Backbear<br/>Backbeat Backbend Backbite Backblow Backbone Backcast<br/>Backchat Backcomb Backdate Backdoor Backdown Backdrop<br/>Backened Backfall Backfill Backfire Backflap Backflip

#3Words | 3#C
Cab Cad Caf Cag Cai Cal<br/>Cam Can Cap Car Cat Cav<br/>Caw Cay Ccm Ccw Cdf Cdg<br/>Cdr Cee Cen Cep Cfd Cfh<br/>Cfi Cfm Cfs Cgm Cgs Cha<br/>Che Chg Chi Chm Chn Cho<br/>Chs Cia Cid Cie Cif Cig<br/>Cir Cis Cit Civ Ckw Cli<br/>Clk Clo Clr Cly Cmd Cml<br/>Cob Cod Coe Cog Col Com<br/>Con Coo Cop Cor Cos Cot<br/>Cow Cox Coy Coz Cpd Cpi
Caam Caba Cabs Caca Cace Caci<br/>Cack Cade Cadi Cads Cady Cafe<br/>Caff Cafh Cage Cagn Cagy Caic<br/>Caid Cain Cair Cake Caky Calc<br/>Calf Calk Call Calm Calp Cals<br/>Calx Camb Came Camp Cams Cana<br/>Canc Cand Cane Cank Cann Cans<br/>Cant Cany Caon Capa Cape Caph<br/>Capo Caps Cara Card Care Carf<br/>Cark Carl Carn Caro Carp Carr<br/>Cars Cart Cary Casa Case Cash<br/>Cask Cass Cast Cate Cath Cats
Caaba Caama Cabaa Cabal Caban Cabas<br/>Cabby Cabda Caber Cabin Cabio Cable<br/>Cabob Cabot Cabre Cacam Cacan Cacao<br/>Cacas Cacei Cache Cacks Cacti Cacur<br/>Caddo Caddy Cadee Cader Cades Cadet<br/>Cadew Cadge Cadgy Cadie Cadis Cados<br/>Cadre Cadua Cadus Caeca Cafes Caffa<br/>Cafiz Cafoy Caged Cager Cages Cagey<br/>Caggy Cagit Cagot Cagui Cahiz Cahot<br/>Cahow Cahuy Caids Cains Caird Cairn<br/>Cairo Caite Cajan Cajon Cajou Cajun<br/>Caked Caker Cakes Cakey Cakra Calas
Cabaan Caback Cabaho Cabala Caball Cabals<br/>Cabana Cabane Cabasa Cabbed Cabber Cabbie<br/>Cabble Cabers Cabful Cabiai Cabins Cabiri<br/>Cabled Cabler Cables Cablet Cabman Cabmen<br/>Cabobs Cabook Cabots Cabree Cabret Cabrie<br/>Cabrit Cabuja Caburn Cabuya Cacana Cacaos<br/>Cacara Caccia Cached Caches Cachet Cachot<br/>Cachou Cachua Cacked Cackle Cacoon Cactal<br/>Cactus Cadbit Cadded Caddie Caddis Caddle<br/>Caddow Cadeau Cadent Cadere Cadets Cadged<br/>Cadger Cadges Cadish Cadism Cadjan Cadmia<br/>Cadmic Cadmus Cadouk Cadres Caduac Caduca
Caaming Caapeba Cabalas Cabalic Caballo Cabanas<br/>Cabaret Cabbage Cabbagy Cabbala Cabbies Cabbing<br/>Cabbled Cabbler Cabezon Cabildo Cabinda Cabined<br/>Cabinet Cabiria Cabiric Cablese Cablets Cabling<br/>Cablish Caboche Cabocle Caboclo Cabomba Caboose<br/>Cabotin Cabouca Cabrito Cabulla Cabuyas Cacajao<br/>Cacalia Cacatua Cacaxte Caccias Cachaca Cachaza<br/>Cachets Cachexy Cachila Cachina Caching Cachous<br/>Cachrys Cacicus Cacimbo Cacique Cacking Cackled<br/>Cackler Cackles Cacodyl Cacoepy Cacolet Caconym<br/>Cactoid Cacumen Cadamba Cadaver Cadbait Cadbote<br/>Caddice Caddied Caddies Cadding Caddish Caddoan
Caatinga Cabalism Cabalist Caballed Caballer Caballos<br/>Cabarets Cabasset Cabassou Cabbaged Cabbages Cabbalah<br/>Cabbalas Cabbling Cabecera Cabecudo Cabeliau Cabernet<br/>Cabestro Cabezone Cabezons Cabildos Cabinets Cabining<br/>Cabirean Cabirian Cableman Cablemen Cableway Caboceer<br/>Caboched Cabochon Caboclos Cabombas Caboodle Cabooses<br/>Caboshed Cabossed Cabotage Cabresta Cabresto Cabretta<br/>Cabreuva Cabrilla Cabriole Cabstand Cacafugo Cacanapa<br/>Caccabis Cachalot Cachemia Cachemic Cachepot Cacheted<br/>Cachetic Cachexia Cachexic Cachibou Cachucha Cachucho<br/>Cachunde Cacimbos Caciques Cackerel Cacklers Cackling<br/>Cacodoxy Cacodyls Cacolike Cacology Cacomixl Cacosmia

#3Words | 4#D
Dab Dad Dae Dag Dah Dak<br/>Dal Dam Dan Dao Dap Dar<br/>Das Dat Dau Daw Day Dbl<br/>Dca Dcb Ddt Dea Deb Dec<br/>Dee Def Deg Dei Del Dem<br/>Den Dep Der Des Det Dev<br/>Dew Dex Dey Dft Dha Dhu<br/>Dia Dib Did Die Dif Dig<br/>Dil Dim Din Dip Dir Dis<br/>Dit Div Dix Dkg Dkl Dkm<br/>Dks Dlr Doa Dob Doc Dod<br/>Doe Dog Doh Dol Dom Don
Dabb Dabs Dace Dada Dade Dado<br/>Dads Dadu Daer Daff Daft Dago<br/>Dags Dahs Dail Dain Dais Daks<br/>Dale Dalf Dali Dalk Dalt Dama<br/>Dame Damn Damp Dams Dana Dand<br/>Dane Dang Dani Dank Daps Darb<br/>Dard Dare Darg Dari Dark Darn<br/>Darr Dart Dase Dash Dasi Data<br/>Date Dato Daub Daud Dauk Daun<br/>Daur Daut Dauw Dave Davy Dawe<br/>Dawk Dawn Daws Dawt Days Daza<br/>Daze Dazy Dbms Dbrn Dcor Dead
Dabba Dabby Dabih Dabuh Daces Dacha<br/>Dachs Dacus Dadap Dadas Daddy Dados<br/>Daeva Daffs Daffy Dafla Dagga Daggy<br/>Dagon Dagos Dahms Daijo Daily Daint<br/>Daira Dairi Dairt Dairy Daisy Daiva<br/>Daker Dakir Dalai Dalan Dalar Dalea<br/>Daler Dales Dalis Dalle Dally Daman<br/>Damar Damas Dames Damia Damie Damme<br/>Damns Damon Damps Dampy Danae Danai<br/>Dance Dancy Danda Dandy Danes Dangs<br/>Danic Danio Danke Danli Danny Dansk<br/>Dansy Danta Dante Darac Daraf Darat
Dabbed Dabber Dabble Dablet Daboia Daboya<br/>Dacelo Dachas Dacian Dacite Dacker Dacoit<br/>Dacron Dacrya Dacryd Dactyl Dadder Daddle<br/>Dading Dadoed Dadoes Daedal Daekon Daemon<br/>Daffed Daffle Daftar Dafter Daftly Dagaba<br/>Dagame Dagesh Daggar Dagged Dagger Daggle<br/>Daggly Dagmar Dagoba Dagoes Dahlia Dahlin<br/>Dahoon Daidle Daidly Daiker Daikon Daimen<br/>Daimio Daimon Daimyo Dainty Daised Daisee<br/>Daises Daitya Dakhma Dakoit Dakota Dalaga<br/>Dalasi Daledh Daleth Dallan Dallas Dalles<br/>Dallis Dallop Dalton Damage Damans Damara
Daalder Dabbers Dabbing Dabbled Dabbler Dabbles<br/>Dabitis Dabster Dacitic Dackers Dacoits Dacoity<br/>Dacryon Dactyli Dactyls Dadaism Dadaist Dadayag<br/>Daddies Dadding Daddled Daddles Daddock Daddums<br/>Dadoing Daemons Daemony Daffery Daffier Daffing<br/>Daffish Daffled Daftest Dagassa Dagbane Daggers<br/>Dagging Daggled Daggles Daghesh Daglock Dagobas<br/>Dagomba Dahlias Dahoman Dahomey Dahoons Daidled<br/>Daidlie Daikers Dailies Daimiel Daimios Daimons<br/>Daimyos Daincha Dainful Dairies Dairous Daisied<br/>Daisies Daising Dakhini Dakoits Dakoity Dakotan<br/>Dakotas Dalapon Dalasis Daleman Daleths Dallack
Dabblers Dabbling Dabchick Dabsters Dackered Dacoited<br/>Dacryoma Dacryops Dactylar Dactylic Dactylis Dactylus<br/>Dadaisms Dadaists Daddling Daddocky Daddynut Daduchus<br/>Daedalea Daedalic Daedalus Daemones Daemonic Daffiest<br/>Daffling Daffodil Daftlike Daftness Dagbamba Dagestan<br/>Daggered Daggling Daglocks Dagswain Daguilla Dahabeah<br/>Dahabiah Dahabieh Dahabiya Dahlsten Daibutsu Daidling<br/>Daikered Daimiate Daimiote Daimones Daimonic Dainchas<br/>Dainteth Daintier Dainties Daintify Daintily Daintith<br/>Daintrel Daiquiri Dairying Dairyman Dairymen Daishiki<br/>Dakerhen Dakotans Daktylon Daktylos Dalapons Dalesman<br/>Dalesmen Daliance Dalliers Dallying Dallyman Dalmania

#3Words | 5#E
Ead Eam Ean Ear Eat Eau<br/>Ebb Ecb Eco Ecu Edh Edo<br/>Edp Eds Eel Een Eer Eff<br/>Efl Efs Eft Egg Ego Eir<br/>Eke Ela Elb Eld Elf Eli<br/>Elk Ell Elm Els Elt Eme<br/>Emf Emm Emp Ems Emu Enc<br/>End Eng Enl Ens Env Eof<br/>Eom Eon Eos Epa Epi Era<br/>Erd Ere Erf Erg Erk Ern<br/>Err Ers Esc Esd Ese Esp<br/>Esq Ess Est Esu Eta Etc
Each Eadi Earl Earn Ears Ease<br/>East Easy Eath Eats Eaux Eave<br/>Ebbs Ebcd Eben Eboe Ebon Ecad<br/>Ecca Ecce Ecch Eccl Eche Echo<br/>Echt Ecod Ecol Econ Ecru Ecus<br/>Edam Edda Eddo Eddy Edea Eden<br/>Edge Edgy Edhs Edit Edna Educ<br/>Eels Eely Eery Effs Efik Efph<br/>Efts Egad Egal Egba Egbo Eger<br/>Eggs Eggy Egis Egma Egol Egos<br/>Egre Eheu Eide Eigh Eila Eild<br/>Eire Eiry Ejam Ejoo Eked Eker
Eably Eager Eagle Eagre Eared Earle<br/>Earls Early Earns Earsh Earth Eased<br/>Easel Easer Eases Easts Eaten Eater<br/>Eaved Eaver Eaves Ebbed Ebbet Eblis<br/>Ebons Ebony Ecart Echar Echea Eched<br/>Eches Echis Echos Ecize Eclat Ecoid<br/>Ecole Ecrus Ectad Ectal Edana Edder<br/>Eddic Eddie Edema Edgar Edged Edger<br/>Edges Edict Edify Edile Edith Edits<br/>Ediya Edoni Educe Educt Edwin Eeler<br/>Eemis Eerie Eeten Effet Effie Egads<br/>Egall Egers Egest Eggar Egged Egger
Eadios Eadish Eagers Eagled Eagles Eaglet<br/>Eagres Eaning Earbob Earcap Earful Earing<br/>Earlap Earlet Earned Earner Earnie Earock<br/>Eartab Eartag Earths Earthy Earwax Earwig<br/>Easels Easers Easier Easies Easily Easing<br/>Eassel Easted Easter Eastre Eatage Eatche<br/>Eaters Eatery Eathly Eating Ebbets Ebbing<br/>Ebbman Ebcasc Ebcdic Ebulus Eburin Eburna<br/>Ecanda Ecarte Ecbole Eccles Ecesic Ecesis<br/>Echard Eching Echini Echium Echoed Echoer<br/>Echoes Echoey Echoic Echuca Eciton Eclair<br/>Eclats Eclegm Ecoles Ecorch Ecoute Ecrase
Eagerer Eagerly Eagless Eaglets Eagling Eagrass<br/>Eanling Earable Earache Earbash Earclip Eardrop<br/>Eardrum Earflap Earfuls Earhead Earhole Earings<br/>Earlaps Earldom Earless Earlier Earlike Earlish<br/>Earlobe Earlock Earmark Earmuff Earners Earnest<br/>Earnful Earning Earpick Earplug Earring Earshot<br/>Earsore Earthed Earthen Earthly Earwigs Earworm<br/>Earwort Easeful Easeled Easiest Eastern Easters<br/>Easting Eastlin Eastman Eatable Eatings Ebauche<br/>Ebonies Ebonige Ebonise Ebonist Ebonite Ebonize<br/>Ebraick Ebriate Ebricty Ebriety Ebriose Ebrious<br/>Eburine Ecartes Ecbasis Ecbatic Ecbolic Eccrine
Eaceworm Eagerest Eanlings Earaches Eardrops Eardrums<br/>Earflaps Earjewel Earldoms Earlduck Earlesss Earliest<br/>Earlobes Earlocks Earlship Earlyish Earmarks Earmuffs<br/>Earnable Earnests Earnings Earphone Earpiece Earplugs<br/>Earreach Earrings Earscrew Earshell Earshots Earspool<br/>Earstone Earthian Earthier Earthily Earthing Earthkin<br/>Earthman Earthmen Earthnut Earthpea Earthset Earwaxes<br/>Earwiggy Earworms Easeless Easement Easiness Easterly<br/>Eastings Eastlake Eastland Eastling Eastlins Eastmost<br/>Eastness Eastward Easylike Eatables Eatberry Eateries<br/>Eavedrop Eavesing Ebdomade Ebenales Ebeneous Ebenezer<br/>Ebionism Ebionite Ebionize Ebonised Ebonises Ebonites

#3Words | 6#F
Fab Fac Fad Fae Fag Fam<br/>Fan Faq Far Fas Fat Fax<br/>Fay Fbi Fcp Fcs Fcy Fec<br/>Fed Fee Feh Fei Fem Fen<br/>Fer Fet Feu Few Fey Fez<br/>Ffa Fgn Fib Fid Fie Fig<br/>Fil Fin Fip Fir Fit Fix<br/>Fiz Flb Fld Fll Flo Flu<br/>Fly Fmt Fob Fod Foe Fog<br/>Foh Fol Fon Foo Fop For<br/>Fot Fou Fow Fox Foy Fpm<br/>Fps Fra Fro Frs Frt Fry
Faba Face Fack Fact Facy Fade<br/>Fado Fads Fady Faff Fage Fags<br/>Fail Fain Fair Fait Fake Faki<br/>Faky Fala Falk Fall Falx Fama<br/>Fame Famp Fana Fand Fane Fang<br/>Fano Fans Fant Fany Faon Fard<br/>Fare Farl Farm Faro Fart Fasc<br/>Fash Fass Fast Fate Fath Fats<br/>Faun Faut Faux Favi Favn Fawe<br/>Fawn Fays Faze Fdub Feak Feal<br/>Fear Feat Feck Fedn Feds Feeb<br/>Feed Feel Feer Fees Feet Feff
Faade Fabes Fable Faced Facer Faces<br/>Facet Facia Facie Facit Facks Facto<br/>Facts Facty Faddy Faded Faden Fader<br/>Fades Fadge Fadme Fados Faena Faery<br/>Faffy Fager Faggy Fagin Fagot Fagus<br/>Faham Fails Fains Faint Faire Fairm<br/>Fairs Fairy Faith Faits Faked Faker<br/>Fakes Fakir Falco Falda Falla Falls<br/>Fally False Falun Falus Famed Fames<br/>Fanal Fanam Fancy Fanes Fanga Fango<br/>Fangs Fangy Fanit Fanny Fanon Fanos<br/>Fanti Fanum Fanwe Faqir Farad Farce
Faailk Fabian Fabled Fabler Fables Fabric<br/>Fabula Facade Facers Facete Facets Faceup<br/>Facial Facias Facier Facies Facile Facily<br/>Facing Facsim Factor Factum Facula Facund<br/>Faddle Faders Fadged Fadges Fading Faecal<br/>Faeces Faenas Faence Faenus Faerie Faeroe<br/>Faffle Fafnir Fagald Fagara Fagged Fagger<br/>Faggot Fagine Fagins Fagots Fagott Fagoty<br/>Faikes Failed Faille Fainer Fainly Faints<br/>Fainty Faired Fairer Fairly Faisan Faiths<br/>Faitor Fakeer Fakers Fakery Faking Fakirs<br/>Fakofo Falcer Falces Falcon Falern Fallal
Fabella Fablers Fabliau Fabling Fabraea Fabrics<br/>Fabrile Fabular Facadal Facaded Facades Facebar<br/>Facebow Faceman Faceoff Faceted Facette Facials<br/>Faciata Faciend Facient Faciest Facings Fackins<br/>Faconde Faconne Factful Factice Faction Factish<br/>Factive Factors Factory Factrix Factual Facture<br/>Faculae Facular Faculty Fadable Fadaise Faddier<br/>Fadding Faddish Faddism Faddist Fadedly Fadeout<br/>Fadging Fadings Fadlike Faecula Faeries Fagales<br/>Fagelia Faggery Fagging Faggots Faggoty Fagoted<br/>Fagoter Fagotte Fagotto Fahlerz Fahlore Faience<br/>Failing Failles Failure Fainant Fainest Fainted
Fabaceae Fabiform Fabledom Fableist Fabliaux Fabrique<br/>Fabronia Fabulate Fabulist Fabulize Fabulous Faburden<br/>Faceable Facedown Faceless Facelift Facemark Facetely<br/>Facetiae Faceting Facetted Facewise Facework Facially<br/>Faciends Facilely Facility Facingly Fackings Factable<br/>Factions Factious Factored Factotum Factures Faculous<br/>Faddiest Faddisms Faddists Fadeaway Fadeless Fadingly<br/>Faeroese Fagaceae Faggoted Faggotry Fagoters Fagoting<br/>Fahlband Faiences Failance Failings Failsafe Failsoft<br/>Failures Faineant Fainness Fainters Faintest Faintful<br/>Fainting Faintise Faintish Fairgoer Fairhead Fairings<br/>Fairlead Fairlike Fairling Fairness Fairship Fairsome

#3Words | 7#G
Gab Gad Gae Gag Gaj Gal<br/>Gam Gan Gap Gar Gas Gat<br/>Gau Gaw Gay Gaz Gcd Gds<br/>Geb Ged Gee Gel Gem Gen<br/>Geo Ger Ges Get Gey Gez<br/>Ggr Ghi Gib Gid Gie Gif<br/>Gig Gil Gim Gin Gio Gip<br/>Gis Git Glb Gld Glt Gns<br/>Gnu Goa Gob God Gog Goi<br/>Gol Gon Goo Gor Gos Got<br/>Gou Gov Gox Goy Gpd Gph<br/>Gpm Gps Gra Gre Grf Gro
Gabe Gabi Gabs Gaby Gade Gadi<br/>Gads Gaea Gaed Gael Gaen Gaes<br/>Gaet Gaff Gaga Gage Gags Gaia<br/>Gail Gain Gair Gait Gala Gale<br/>Gali Gall Galp Gals Galt Galv<br/>Gamb Game Gamp Gams Gamy Gane<br/>Gang Gant Gaol Gaon Gapa Gape<br/>Gapo Gaps Gapy Gara Garb Gard<br/>Gare Garg Garn Garo Gars Gary<br/>Gash Gasp Gast Gata Gate Gats<br/>Gaub Gaud Gauk Gaul Gaum Gaun<br/>Gaup Gaur Gaus Gaut Gave Gawk
Gabby Gable Gabon Gaddi Gader Gades<br/>Gadge Gadid Gadis Gadso Gadus Gaels<br/>Gaffe Gaffs Gaged Gagee Gager Gages<br/>Gagor Gaily Gaine Gains Gaist Gaits<br/>Gaitt Gaius Gaize Galah Galas Galax<br/>Galbe Galea Galee Galei Galen Gales<br/>Galet Galey Galga Galik Galla Galli<br/>Galls Gally Galop Galut Galvo Gamba<br/>Gambe Gambs Gamed Gamer Games Gamey<br/>Gamic Gamin Gamma Gammy Gamps Gamut<br/>Ganam Ganch Ganda Ganef Ganev Ganga<br/>Gange Gangs Ganja Ganof Gansa Gansy
Gaatch Gabari Gabbai Gabbed Gabber Gabble<br/>Gabbro Gabert Gabgab Gabies Gabion Gabled<br/>Gabler Gables Gablet Gaboon Gadaba Gadaea<br/>Gadbee Gadded Gadder Gaddis Gadean Gadfly<br/>Gadger Gadget Gadids Gadite Gadman Gadoid<br/>Gaduin Gaelic Gaffed Gaffer Gaffes Gaffle<br/>Gagaku Gagate Gagers Gagged Gagger Gaggle<br/>Gaging Gagman Gagmen Gaiety Gained Gainer<br/>Gainly Gainor Gainst Gaited Gaiter Galago<br/>Galahs Galant Galany Galaxy Galban Galcha<br/>Galeae Galeas Galega Galeid Galena Galeod<br/>Galera Galere Galeus Galgal Galibi Galiot
Gabarit Gabback Gabbais Gabbard Gabbart Gabbers<br/>Gabbier Gabbing Gabbled Gabbler Gabbles Gabbros<br/>Gabeler Gabelle Gabfest Gabions Gabling Gablock<br/>Gaboons Gabriel Gadaria Gadbush Gaddang Gadders<br/>Gadding Gaddish Gadgets Gadgety Gadidae Gadinic<br/>Gaditan Gadling Gadoids Gadroon Gadsbud Gadslid<br/>Gadsman Gadwall Gadwell Gaedown Gaeldom Gaetuli<br/>Gaffers Gaffing Gaffkya Gageite Gaggers Gaggery<br/>Gagging Gaggled Gaggler Gaggles Gagroot Gagster<br/>Gahnite Gaiassa Gainage Gainers Gainful Gaining<br/>Gainsay Gainset Gaiters Gaiting Galabia Galagos<br/>Galahad Galanas Galanga Galante Galapee Galatae
Gabbards Gabbarts Gabbiest Gabblers Gabbling Gabbroic<br/>Gabbroid Gabelled Gabeller Gabelles Gabendum Gabfests<br/>Gabioned Gabunese Gachupin Gadabout Gadarene Gadflies<br/>Gadgetry Gadhelic Gadinine Gadoidea Gadroons Gadwalls<br/>Gadzooks Gaetulan Gaffsail Gaffsman Gageable Gagelike<br/>Gaggling Gagsters Gagtooth Gahnites Gahrwali Gaieties<br/>Gaillard Gainable Gaincall Gaincome Gaincope Gainings<br/>Gainless Gainlier Gainpain Gainsaid Gainsays Gainsome<br/>Gainturn Gainward Gairfish Gairfowl Gaisling Galabeah<br/>Galabieh Galabiya Galactan Galactia Galactic Galactin<br/>Galagala Galahads Galangal Galangin Galapago Galateas<br/>Galatian Galatine Galavant Galaxian Galaxias Galaxies

#3Words | 8#H
Hab Had Hae Haf Hag Hah<br/>Haj Hak Hal Ham Han Hao<br/>Hap Has Hat Hau Hav Haw<br/>Hay Hcb Hcf Hcl Hed Hee<br/>Heh Hei Hel Hem Hen Heo<br/>Hep Her Hes Het Hew Hex<br/>Hey Hgt Hhd Hia Hic Hid<br/>Hie Him Hin Hip Hir His<br/>Hit Hld Hny Hob Hoc Hod<br/>Hoe Hog Hoi Hol Hom Hon<br/>Hoo Hop Hor Hot How Hox<br/>Hoy Hrs Hsi Hts Hub Hud
Haab Haaf Haak Haar Habe Habu<br/>Hack Hade Hadj Haec Haed Haem<br/>Haen Haes Haet Haff Haft Hagi<br/>Hags Haha Hahs Haik Hail Hain<br/>Hair Hait Haje Haji Hajj Hake<br/>Hako Haku Hala Hale Half Hall<br/>Halm Halo Halp Hals Halt Hame<br/>Hami Hams Hand Hang Hank Hano<br/>Hans Hant Hapi Haps Hapu Harb<br/>Hard Hare Hark Harl Harm Harn<br/>Harp Harr Hart Harv Hash Hask<br/>Hasn Hasp Hast Hate Hath Hati
Haafs Haars Habab Habbe Habet Habit<br/>Hable Habub Habus Hacek Hache Hacht<br/>Hacks Hacky Hadal Haddo Haded Hades<br/>Hadit Hadji Hadnt Hadst Haems Haets<br/>Hafis Hafiz Hafts Hagar Haggy Hagia<br/>Hague Haick Haida Haika Haikh Haiks<br/>Haiku Hails Haily Haine Haire Hairs<br/>Hairy Haiti Hajes Hajib Hajis Hajji<br/>Hakam Hakea Hakes Hakim Hakka Halal<br/>Halas Halch Haldu Haled Haler Hales<br/>Halfa Halfy Halid Halke Hallo Halls<br/>Halma Halms Haloa Halos Halse Halte
Habble Habbub Habeas Habena Habere Habile<br/>Habiri Habiru Habits Habnab Haboob Haboub<br/>Habuka Haceks Hachis Hacked Hackee Hacker<br/>Hackia Hackie Hackin Hackle Hackly Hadada<br/>Hadbot Hadden Hadder Haddie Haddin Hadean<br/>Hading Hadith Hadjee Hadjes Hadjis Hadrom<br/>Hadron Haeing Haemad Haemal Haemic Haemin<br/>Haeres Haffat Haffet Haffit Haffle Hafgan<br/>Haflin Hafnia Hafnyl Hafted Hafter Hagada<br/>Hagbut Hagden Hagdin Hagdon Hageen Hagein<br/>Haggai Hagged Hagger Haggis Haggle Haggly<br/>Haglet Haglin Hagrid Haiari Haidan Haidee
Habaera Habenal Habenar Habille Habitan Habitat<br/>Habited Habitue Habitus Habutae Habutai Hachure<br/>Hackbut Hackeem Hackees Hackers Hackery Hackies<br/>Hacking Hackled Hackler Hackles Hacklet Hacklog<br/>Hackman Hackmen Hackney Hacksaw Hadarim Hadaway<br/>Hadbote Haddest Haddock Hadiths Hadjees Hadjemi<br/>Hadland Hadrome Hadrons Haemins Haemoid Haemony<br/>Haffets Haffits Hafnium Hafters Hafting Hagadic<br/>Haganah Hagboat Hagbolt Hagborn Hagbush Hagbuts<br/>Hagdons Hagdown Hagenia Hagfish Haggada Haggard<br/>Haggeis Hagging Haggish Haggled Haggler Haggles<br/>Hagigah Haglike Hagmall Hagmane Hagmena Hagride
Habakkuk Habanera Habdalah Habendum Habenula Habilant<br/>Hability Habitans Habitant Habitate Habitats Habiting<br/>Habitual Habitude Habitues Habiture Habrowne Habsburg<br/>Habutaye Haccucal Hachiman Hachment Hachured Hachures<br/>Hacienda Hackbolt Hackbush Hackbuts Hacklers Hacklier<br/>Hackling Hackmack Hackmall Hackneys Hacksaws Hackster<br/>Hacktree Hackwood Hackwork Hadassah Haddocks Hadendoa<br/>Hadronic Haematal Haematic Haematid Haematin Haemopod<br/>Haeredes Haeremai Hafflins Hafniums Haftarah Haftarot<br/>Haftorah Haftorot Hagadist Hagarene Hagarite Hagberry<br/>Haggadah Haggadal Haggaday Haggadic Haggards Haggises<br/>Hagglers Haggling Hagmenay Hagrider Hagrides Hagstone

#3Words | 9#I
Ian Iao Iba Ibm Ibo Ice<br/>Ich Icy Ida Ide Ido Ids<br/>Ife Iff Ifs Ign Ihi Ihp<br/>Ihs Iii Ijo Ike Ila Ile<br/>Ilk Ill Ima Imi Imp Imu<br/>Inc Ind Inf Ing Ink Inn<br/>Ino Ins Int Inv Iof Ion<br/>Ios Iou Iph Ipl Ipm Ipr<br/>Ips Iqs Ira Ire Irk Irs<br/>Ise Ish Isl Ism Isn Iso<br/>Ist Isz Ita Itd Ito Its<br/>Iud Iva Ive Ivy Iwa Iyo
Iago Iamb Iare Ibad Iban Ibex<br/>Ibid Ibis Icbm Iced Ices Icho<br/>Ichs Ichu Icky Icod Icon Idea<br/>Idee Idem Ideo Ides Idic Idle<br/>Idly Idol Idyl Ieee Iffy Igad<br/>Iglu Iiwi Ijma Ikan Ikat Ikey<br/>Ikon Ikra Ilea Ilex Ilia Ilka<br/>Ilks Ills Illy Ilot Ilth Ilya<br/>Imam Iman Imbe Imbu Imer Imid<br/>Imit Immi Immy Impf Impi Imps<br/>Impv Impy Inbd Inbe Inby Inca<br/>Inch Incl Incr Inde Indn Indy
Iambe Iambi Iambs Ianus Iberi Ibota<br/>Icaco Icasm Iceni Ichor Ichth Icica<br/>Icier Icily Icing Icker Ickle Icons<br/>Iconv Ictic Ictus Idaho Idaic Idant<br/>Idcue Iddat Iddhi Iddio Ideal Idean<br/>Ideas Ident Idest Ideta Idgah Idiom<br/>Idion Idiot Idism Idist Idite Idled<br/>Idler Idles Idola Idols Idose Idryl<br/>Idyll Idyls Ierne Ifint Ifree Ifrit<br/>Igara Igdyr Ighly Igloo Iglus Ignaw<br/>Ignis Ihlat Ihram Iiasa Ijmaa Ijore<br/>Ikary Ikona Ikons Ilama Ileac Ileal
Iambic Iambus Iatric Ibanag Iberes Iberia<br/>Iberic Iberis Ibexes Ibices Ibidem Ibilao<br/>Ibises Ibycus Icaria Icarus Icebox Icecap<br/>Iceman Icemen Icerya Ichebu Ichibu Ichors<br/>Icicle Iciest Icings Ickers Ickier Icones<br/>Iconic Idaean Idaein Idalia Ideaed Ideals<br/>Idealy Ideata Ideate Ideist Idence Idesia<br/>Idiasm Idigbo Idiocy Idioms Idiots Iditol<br/>Idleby Idlers Idlest Idlety Idling Idlish<br/>Idoism Idoist Idolet Idolon Idolum Idotea<br/>Idyler Idylls Ifecks Iffier Ifreal Ifugao<br/>Igbira Igitur Igloos Igname Ignaro Ignify
Iacchic Iacchos Iacchus Iachimo Iambics Iambist<br/>Iambize Iapetus Iapyges Iapygii Ibadite Iberian<br/>Iberism Iberite Ibidine Ibidium Ibolium Ibsenic<br/>Ibycter Icarian Iceberg Iceboat Icebone Icecaps<br/>Icefall Icefish Iceland Iceleaf Iceless Icelike<br/>Icepick Iceroot Icespar Icework Ichnite Ichthus<br/>Ichthys Ichulle Icicled Icicles Iciness Ickiest<br/>Iconian Iconism Iconize Icosian Icotype Icteric<br/>Icterus Ictonyx Ictuate Ictuses Idahoan Idalian<br/>Ideaful Ideally Ideated Ideates Ideatum Identic<br/>Idiotcy Idiotic Idiotry Idistic Idleful Idleman<br/>Idlemen Idleset Idlesse Idolify Idolise Idolish
Iambical Iambuses Ianthina Ianthine Iapygian Iarovize<br/>Iatrical Iberians Ibididae Ibidinae Ibisbill Ibsenian<br/>Ibsenish Ibsenism Ibsenite Icacorea Icebergs Iceblink<br/>Iceboats Icebound Iceboxes Icecraft Icefalls Icehouse<br/>Icekhana Icelidae Icequake Iceskate Ichnites Ichoglan<br/>Ichorous Ichthyal Ichthyic Ichthyol Iconical Iconvert<br/>Icosteid Icosteus Icterics Icterine Icterode Icteroid<br/>Icterous Idahoans Idealess Idealise Idealism Idealist<br/>Ideality Idealize Idealogy Ideating Ideation Ideative<br/>Ideefixe Identies Identify Identism Identity Ideogeny<br/>Ideogram Ideolect Ideology Ideotype Idiocies Idiogram<br/>Idiolect Idiosome Idiotise Idiotish Idiotism Idiotize

#3Words | 10#J
Jab Jad Jag Jah Jai Jak<br/>Jam Jan Jap Jar Jat Jaw<br/>Jay Jcl Jct Jed Jee Jef<br/>Jeg Jem Jen Jer Jet Jeu<br/>Jew Jib Jig Jim Jin Jms<br/>Jnd Jnt Job Joe Jog Jon<br/>Jos Jot Jow Joy Jud Jug<br/>Jun Jur Jus Jut Juv
Jaap Jabs Jack Jacu Jade Jady<br/>Jaga Jagg Jags Jail Jain Jake<br/>Jako Jama Jamb Jami Jams Jane<br/>Jank Jann Jant Jaob Jape Jara<br/>Jarg Jark Jarl Jarp Jars Jasp<br/>Jass Jasy Jasz Jati Jato Jauk<br/>Jaun Jaup Java Jawn Jawp Jaws<br/>Jawy Jays Jazy Jazz Jctn Jean<br/>Jear Jeed Jeel Jeep Jeer Jees<br/>Jeez Jefe Jeff Jehu Jell Jeon<br/>Jere Jerk Jerl Jerm Jert Jess<br/>Jest Jesu Jete Jets Jeux Jews
Jabia Jabot Jabul Jacal Jacht Jacko<br/>Jacks Jacky Jacob Jaded Jades Jagat<br/>Jager Jaggs Jaggy Jagir Jagla Jagra<br/>Jagua Jahve Jails Jaime Jaina Jakes<br/>Jakey Jakob Jakos Jakun Jalap Jalee<br/>Jalet Jalop Jalor Jalur Jaman Jambe<br/>Jambo Jambs James Jamie Jammy Janes<br/>Janet Janos Jantu Janty Janua Janus<br/>Japan Japed Japer Japes Japyx Jarde<br/>Jared Jarls Jarmo Jarra Jarry Jarvy<br/>Jasey Jason Jaspe Jatha Jatki Jatni<br/>Jatos Jauks Jaunt Jaups Javan Javas
Jaalin Jabbed Jabber Jabble Jabers Jabiru<br/>Jabots Jacals Jacami Jacana Jacare Jacate<br/>Jacens Jacent Jackal Jacked Jacker Jacket<br/>Jackey Jackie Jackye Jacoby Jactus Jadded<br/>Jadder Jadery Jading Jadish Jaeger Jagath<br/>Jageer Jagers Jaggar Jagged Jagger Jaghir<br/>Jagong Jagras Jaguar Jaguey Jahveh Jailed<br/>Jailer Jailor Jajman Jalapa Jalaps Jalkar<br/>Jalops Jalopy Jambed Jambee Jamber Jambes<br/>Jambon Jambos Jamboy Jambul Jammed Jammer<br/>Jamnia Jamnut Jamoke Jampan Janapa Jangar<br/>Jangle Jangly Janice Janker Janner Jantee
Jabbers Jabbing Jabirus Jaborin Jabules Jaburan<br/>Jacales Jacamar Jacamin Jacanas Jacatoo Jacchus<br/>Jacinth Jackals Jackash Jackass Jackbox Jackboy<br/>Jackdaw Jackeen Jackers Jackets Jackety Jackies<br/>Jacking Jackleg Jackman Jackmen Jackpot Jackrod<br/>Jacksaw Jackson Jacktan Jacktar Jacobic Jacobin<br/>Jacobus Jaconet Jacques Jactant Jactura Jacture<br/>Jacuaru Jacunda Jadding Jadedly Jadeite Jaditic<br/>Jaegars Jaegers Jagatai Jaggary Jaggers Jaggery<br/>Jaggier Jagging Jagheer Jaghire Jagless Jagrata<br/>Jaguars Jahvism Jahvist Jailage Jaildom Jailers<br/>Jailing Jailish Jailors Jainism Jainist Jaipuri
Jabalina Jabarite Jabbered Jabberer Jaborine Jacaltec<br/>Jacamars Jacconet Jacconot Jacinthe Jacinths Jacitara<br/>Jackaroo Jackbird Jackboot Jackdaws Jackeroo Jacketed<br/>Jackfish Jackhead Jacklegs Jackpile Jackpots Jackroll<br/>Jackshay Jackshea Jackstay Jackweed Jackwood Jackyard<br/>Jacobaea Jacobean Jacobian Jacobins Jacobite Jacobson<br/>Jacolatt Jaconace Jaconets Jacounce Jacquard Jactance<br/>Jactancy Jacteleg Jactivus Jaculate Jadeites Jadelike<br/>Jadeship Jadishly Jagataic Jaggeder Jaggedly Jagghery<br/>Jaggiest Jagirdar Jahannan Jailbait Jailbird Jailless<br/>Jaillike Jailmate Jailward Jailyard Jakfruit Jalapeno<br/>Jalapins Jalloped Jalopies Jaloused Jalousie Jalpaite

#3Words | 11#K
Kab Kae Kaf Kai Kaj Kal<br/>Kam Kan Kas Kat Kaw Kay<br/>Kea Keb Ked Kee Kef Keg<br/>Ken Kep Ker Ket Kex Key<br/>Kgf Kgr Kha Khi Khu Kid<br/>Kie Kif Kil Kim Kin Kip<br/>Kit Kln Koa Kob Koi Kol<br/>Kon Kop Kor Kos Kou Kpc<br/>Kph Kra Krs Kru Ksi Kua<br/>Kue Kui Kyd Kye Kyl Kyu
Kaas Kabs Kadi Kadu Kaes Kafa<br/>Kago Kagu Kaha Kahu Kaid Kaif<br/>Kaik Kail Kain Kaka Kaki Kala<br/>Kale Kali Kalo Kama Kame Kami<br/>Kana Kand Kane Kang Kans Kant<br/>Kaon Kapa Kaph Kapp Kari Karl<br/>Karn Karo Kart Kasa Kasm Kate<br/>Kath Kats Katy Kava Kavi Kayo<br/>Kays Kazi Kbar Kbps Kcal Keap<br/>Keas Keat Keck Keef Keek Keel<br/>Keen Keep Kees Keet Kefs Kegs<br/>Keid Keir Keld Kele Kelk Kell
Kaaba Kaama Kabab Kabar Kabel Kabob<br/>Kacha Kadis Kadmi Kados Kafir Kafiz<br/>Kafka Kafta Kagos Kagus Kahar Kahau<br/>Kaiak Kaifs Kails Kaimo Kains Kaiwi<br/>Kajar Kakan Kakar Kakas Kakis Kakke<br/>Kalam Kalan Kales Kalif Kalis Kalon<br/>Kalpa Kamao Kamas Kamba Kamel Kames<br/>Kamik Kamis Kanae Kanap Kanas Kanat<br/>Kande Kaneh Kanes Kanga Kanji Kannu<br/>Kansa Kanzu Kaons Kapai Kapas Kaphs<br/>Kapok Kappa Kappe Kapur Kaput Karat<br/>Karbi Karch Karel Karen Karez Karma
Kababs Kabaka Kabala Kabard Kabars Kabaya<br/>Kaberu Kabiet Kabiki Kabobs Kabuki Kabuli<br/>Kabyle Kachin Kadaga Kadaya Kadder Kadein<br/>Kadine Kadish Kaffir Kafila Kafiri Kafirs<br/>Kaftan Kagura Kahala Kahili Kahuna Kaiaks<br/>Kaibab Kaiman Kainah Kainga Kainit Kainsi<br/>Kainyn Kairin Kairos Kaiser Kaithi Kakapo<br/>Kakkak Kalach Kalams Kalang Kalema Kalend<br/>Kalian Kalifs Kaliph Kalium Kallah Kalmia<br/>Kalmuk Kalong Kalpak Kalpas Kalpis Kalwar<br/>Kamahi Kamala Kamass Kambal Kamboh Kambou<br/>Kameel Kamian Kamias Kamika Kamiks Kamiya
Kabakas Kabalas Kabayas Kabbala Kabikis Kabonga<br/>Kabukis Kachari Kachcha Kachina Kadayan Kaddish<br/>Kadsura Kaffirs Kafirin Kaftans Kahawai Kahunas<br/>Kaikara Kaingin Kainite Kainits Kairine Kaisers<br/>Kaitaka Kajawah Kajeput Kakapos Kakatoe Kalasie<br/>Kaldani Kaleege Kalekah Kalends Kaliana Kalians<br/>Kalimba Kalinga Kaliphs Kaliums Kalkvis Kallege<br/>Kallima Kalmias Kalmuck Kalongs Kalpaks Kalunti<br/>Kalysis Kamachi Kamalas Kamansi Kamares Kamasin<br/>Kamassi Kamerad Kamichi Kammina Kampong Kamseen<br/>Kamsins Kanaima Kanauji Kanawha Kanchil Kandjar<br/>Kangani Kangany Kankrej Kannada Kannume Kansans
Kababish Kabassou Kabbalah Kabbalas Kabeljou Kabistan<br/>Kachinas Kadarite Kadikane Kadischi Kadishim Kaferita<br/>Kaffiyeh Kailyard Kaimakam Kainites Kairolin Kairotic<br/>Kaiserin Kaivalya Kajeputs Kajugaru Kakarali Kakariki<br/>Kakemono Kalaazar Kaladana Kalamalo Kalamian Kalathoi<br/>Kalathos Kalendae Kalendar Kalewife Kaleyard Kalidium<br/>Kalifate Kaliform Kalimbas Kalinite Kalipaya Kalispel<br/>Kallidin Kalumpit Kalyptra Kamaaina Kamacite Kamaloka<br/>Kamarupa Kamelkia Kamikaze Kamleika Kammalan Kampongs<br/>Kampseen Kamseens Kanamono Kanarese Kanawari Kandelia<br/>Kanesian Kangaroo Kangayam Kankanai Kanteles Kantians<br/>Kantiara Kaoliang Kaolines Kaolinic Kapparah Kappland

#3Words | 12#L
Lab Lac Lad Lag Lah Lai<br/>Lak Lam Lan Lao Lap Lar<br/>Las Lat Lav Law Lax Lay<br/>Laz Lbf Lbs Lbw Lca Lcd<br/>Lcm Ldg Lea Led Lee Leg<br/>Lei Lek Len Leo Lep Ler<br/>Les Let Leu Lev Lew Lex<br/>Ley Lhb Lhd Lib Lid Lie<br/>Lif Lig Lim Lin Lip Liq<br/>Lir Lis Lit Liv Liz Llb<br/>Lnr Loa Lob Loc Lod Loe<br/>Lof Log Loo Lop Loq Lor
Labs Lace Lack Lacs Lacy Lade<br/>Lads Lady Laen Laet Laft Lags<br/>Laic Laid Laik Lain Lair Lait<br/>Lake Lakh Laky Lall Lalo Lama<br/>Lamb Lame Lamm Lamp Lams Lana<br/>Land Lane Lang Lank Lant Lanx<br/>Laos Lapb Lapp Laps Lard Lare<br/>Lari Lark Larn Lars Lasa Lase<br/>Lash Lasi Lask Lass Last Lata<br/>Late Lath Lati Lats Laud Laun<br/>Laur Laus Lava Lave Lavy Lawk<br/>Lawn Laws Lays Laze Lazy Lead
Laang Laban Labba Labby Label Labia<br/>Labis Labor Labra Lacca Laced Lacer<br/>Laces Lacet Lacey Lache Lacis Lacks<br/>Lacto Laded Laden Lader Lades Ladik<br/>Ladin Ladle Laeti Laevo Lagan Lagen<br/>Lager Lagly Lagna Lahar Laich Laics<br/>Laigh Laine Laird Lairs Lairy Laith<br/>Laity Laius Laked Laker Lakes Lakey<br/>Lakhs Lakie Lakin Lakke Laksa Lalls<br/>Lally Lamas Lamba Lambs Lamby Lamda<br/>Lamed Lamel Lamer Lames Lamia Lamin<br/>Lammy Lamna Lampf Lamps Lamus Lamut
Laager Labara Labber Labefy Labels Labial<br/>Labile Labite Labium Lablab Labors Labour<br/>Labral Labras Labret Labrid Labrum Labrus<br/>Labrys Laccic Laccin Laccol Lacers Lacert<br/>Lacery Laches Lachsa Lacier Lacily Lacing<br/>Lacked Lacker Lackey Lacmus Lacoca Lacrym<br/>Lactam Lactic Lactid Lactim Lactol Lactyl<br/>Lacuna Lacune Ladang Ladder Laddie Ladens<br/>Laders Ladies Ladify Lading Ladino Ladkin<br/>Ladled Ladler Ladles Ladner Ladron Ladyfy<br/>Ladyly Laelia Laetic Lafite Lagans Lagena<br/>Lagend Lagers Laggar Lagged Laggen Lagger
Laagers Labaara Labaria Labarum Labeled Labeler<br/>Labella Labials Labiate Labibia Labiose Labored<br/>Laborer Labores Labours Labredt Labrets Labroid<br/>Labrose Labrums Lacatan Laccaic Laccase Laceier<br/>Laceman Lacemen Lacepod Lacerna Lacerta Laciest<br/>Lacings Lacinia Lackers Lackeys Lackies Lacking<br/>Lackwit Lacmoid Laconic Lacquer Lacquey Lactams<br/>Lactant Lactary Lactase Lactate Lacteal Lactean<br/>Lactide Lactify Lactoid Lactone Lactose Lactuca<br/>Lacunae Lacunal Lacunar Lacunas Lacunes Lacwork<br/>Ladakhi Ladakin Ladanum Ladders Laddery Laddess<br/>Laddies Laddish Laddock Lademan Ladened Ladhood
Laagered Labadist Labarums Labbella Labdanum Labefact<br/>Labefied Labelers Labeling Labelled Labeller Labellum<br/>Labially Labiatae Labiated Labiates Labidura Labiella<br/>Lability Labilize Laborage Laborant Labordom Laborers<br/>Laboress Laboring Laborism Laborist Laborite Laborius<br/>Laborous Laboured Labourer Labrador Labridae Labroids<br/>Labrusca Laburnum Lacebark Laceiest Laceleaf Laceless<br/>Lacelike Lacerant Lacerate Lacernae Lacernas Lacertae<br/>Lacertid Lacewing Lacewood Lacework Lachesis Lachryma<br/>Laciness Lacinula Lackaday Lackered Lackerer Lackeyed<br/>Lackland Lacolith Laconian Laconica Laconics Laconism<br/>Laconize Lacquers Lacqueys Lacrimal Lacrosse Lactases

#3Words | 13#M
Mab Mac Mad Mae Mag Mah<br/>Mal Mam Man Mao Map Mar<br/>Mas Mat Mau Maw Max May<br/>Mbd Mcf Mcg Mea Med Mee<br/>Meg Mel Mem Men Meo Meq<br/>Mer Mes Met Meu Mev Mew<br/>Mfd Mfg Mfr Mgd Mgr Mgt<br/>Mhg Mho Mhz Mia Mib Mid<br/>Mig Mil Mim Min Mir Mis<br/>Mit Mix Mks Mkt Mlx Mmf<br/>Mna Moa Mob Moc Mod Moe<br/>Mog Moi Mol Mom Mon Moo
Maad Maam Maar Maat Maba Mabi<br/>Mace Mach Mack Maco Macs Made<br/>Madi Mado Mads Maed Maes Maga<br/>Mage Magh Magi Mags Maha Mahi<br/>Mahu Maia Maid Mail Maim Main<br/>Mair Maja Majo Make Maki Mako<br/>Maku Mala Male Mali Mall Malm<br/>Malo Malt Mama Mamo Mana Mand<br/>Mane Mang Mani Mank Mann Mano<br/>Mans Mant Manx Many Mapo Maps<br/>Mara Marc Mare Marg Mari Mark<br/>Marl Marm Maro Mars Mart Maru
Maana Maars Mabel Macan Macao Macaw<br/>Macco Maced Macer Maces Machi Macho<br/>Machs Macks Macle Macon Macro Madam<br/>Madge Madia Madid Madly Madoc Madre<br/>Mafey Mafia Mafic Mafoo Magas Mages<br/>Maggy Maghi Magic Magma Magna Magog<br/>Magot Magus Mahal Mahar Mahat Mahdi<br/>Mahoe Mahra Mahri Mahua Mahwa Maida<br/>Maids Maidu Maidy Maiid Maile Maill<br/>Mails Maims Maine Mains Maint Maire<br/>Mairs Maist Maius Maize Majas Major<br/>Majos Makah Makar Maker Makes Makos
Mabble Mabela Mabolo Mabuti Mabyer Macabi<br/>Macaca Macaco Macana Macaws Maccus Macers<br/>Machan Machar Machin Machos Macies Macing<br/>Mackle Macled Macles Maclib Macoma Macram<br/>Macrli Macron Macros Mactra Macuca Macula<br/>Macule Macupa Macupi Macusi Macuta Macute<br/>Madafu Madame Madams Madcap Madded Madden<br/>Madder Maddle Madefy Madhab Madhva Madiga<br/>Madman Madmen Madnep Madras Madres Madrid<br/>Madrih Madril Madroa Madtom Maduro Maeing<br/>Maenad Maffia Maffle Mafias Maftir Mafura<br/>Magahi Magani Magged Maggie Maggle Maggot
Maarten Macaber Macaboy Macabre Macacos Macacus<br/>Macadam Macague Macaque Macaron Macauco Macbeth<br/>Macchia Macchie Macduff Macedon Maceman Machair<br/>Machaon Macheer Machera Machete Machila Machina<br/>Machine Machogo Machree Machzor Macigno Mackins<br/>Mackled Mackles Maclura Maconne Macrame Macrons<br/>Macrura Maculae Macular Maculas Maculed Macules<br/>Macumba Madames Madcaps Maddens Madders Maddest<br/>Madding Maddish Maddled Maddock Madeira Madelon<br/>Madhuca Madison Madling Madness Madonna Madoqua<br/>Madrasi Madrier Madrona Madrone Madrono Madship<br/>Maduros Madweed Madwort Madzoon Maegbot Maenads
Macaasim Macadams Macaglia Macanese Macaques Macarani<br/>Macareus Macarism Macarize Macaroni Macaroon Macassar<br/>Maccabaw Maccaboy Maccoboy Macehead Macellum Macerate<br/>Machaira Machetes Machicui Machilis Machinal Machined<br/>Machiner Machines Machismo Machrees Machzors Macilent<br/>Mackerel Mackinaw Macklike Mackling Macleaya Maclurea<br/>Maclurin Maconite Macrames Macropia Macropod Macropsy<br/>Macropus Macrotia Macrotin Macrural Macruran Mactroid<br/>Maculacy Maculate Maculing Maculose Macushla Madagass<br/>Madbrain Madcaply Maddened Madecase Madeiran Madeiras<br/>Madeline Madhouse Madidans Madonnas Madrague Madrasah<br/>Madrases Madrigal Madronas Madrones Madronos Madstone

#3Words | 14#N
Naa Nab Nad Nae Naf Nag<br/>Nak Nam Nan Nap Nar Nat<br/>Nav Naw Nay Nbg Nco Nea<br/>Neb Ned Nee Nef Neg Nei<br/>Nek Neo Nep Net New Nib<br/>Nid Nig Nil Nim Nip Nis<br/>Nit Nix Noa Nob Nod Nog<br/>Noh Nol Nom Non Noo Nor<br/>Nos Not Nou Nov Now Nox<br/>Noy Nth Nub Nul Num Nun<br/>Nus Nut Nye
Naam Nabk Nabs Nabu Nace Nach<br/>Nada Nael Naga Nags Naib Naid<br/>Naif Naig Naik Nail Naim Nain<br/>Naio Nair Nais Naja Nake Nako<br/>Nale Nama Name Nana Nane Nant<br/>Naoi Naos Napa Nape Naps Napu<br/>Narc Nard Nare Nark Narr Narw<br/>Nary Nasa Nash Nasi Naso Nast<br/>Nate Natl Nato Natr Natt Natu<br/>Naur Naut Nave Navi Navy Nawt<br/>Nays Naze Nazi Neaf Neal Neap<br/>Near Neat Nebs Neck Need Neem
Nabak Nabal Nabby Nabis Nabla Nable<br/>Nabob Nache Nacho Nacre Nacry Nadir<br/>Naevi Nagel Naggy Naght Nagor Nahor<br/>Nahua Nahum Naiad Naias Naifs Nails<br/>Naily Naira Nairy Naish Naive Naked<br/>Naker Nakir Nakoo Naled Namaz Nambe<br/>Namby Namda Named Namer Names Namma<br/>Nammo Nanas Nance Nancy Nanda Nandi<br/>Nandu Nanes Nanga Nanmu Nanny Nants<br/>Nantz Naomi Naoto Napal Napes Napoo<br/>Nappa Nappe Nappy Narco Narcs Nards<br/>Nardu Naren Nares Naric Naris Narks
Naaman Nabbed Nabber Nabbuk Nablas Nablus<br/>Nabobs Naboth Nachas Nachus Nacket Nacred<br/>Nacres Nadder Nadeem Nadirs Naevus Nagami<br/>Nagana Nagara Nagari Naggar Nagged Nagger<br/>Naggin Naggle Naggly Naging Nagman Nagnag<br/>Nagual Nahane Nahani Nahoor Nahuan Naiads<br/>Naiant Naifly Naigie Naigue Nailed Nailer<br/>Naique Naitly Naiver Naives Nakhod Nakong<br/>Nakula Naleds Nalita Nallah Namare Namban<br/>Namely Namers Naming Nammad Nanako Nances<br/>Nandin Nandow Nangca Nanger Nangka Nanigo<br/>Nanism Nankin Nannie Nanoid Nanpie Nantle
Nabaloi Nabalus Nabbing Nabobry Nacarat Nacelle<br/>Nachani Nacrine Nacrite Nacrous Nadiral Naebody<br/>Naegait Naegate Naether Naevoid Nagaika Naganas<br/>Naggers Naggier Nagging Naggish Nagmaal Nagnail<br/>Nagsman Nagster Nahuatl Naiades Nailbin Nailers<br/>Nailery Nailing Nailrod Nailset Nainsel Naipkin<br/>Nairobi Naiskoi Naiskos Naither Naively Naivest<br/>Naivete Naivety Naivite Nakeder Nakedly Nakhoda<br/>Namable Namaqua Namaste Namatio Nanaimo Nandina<br/>Nandine Nandins Nanduti Nanisms Nanitic Nankeen<br/>Nanking Nankins Nannies Nanosec Naology Napaean<br/>Napalms Naperer Naphtha Naphtho Naphtol Napkins
Nabalism Nabalite Nabatean Nabcheat Nabobery Nabobess<br/>Nabobish Nabobism Nacarine Nacelles Nachtmml Nacreous<br/>Nadorite Naegates Naething Nagasaki Naggiest Nahuatls<br/>Nailfile Nailfold Nailhead Nailless Naillike Nailsets<br/>Nailshop Nailsick Nailwort Nainsell Nainsook Naissant<br/>Naivetes Nakedest Nakedish Nakedize Nakhlite Naloxone<br/>Namaquan Namazlik Nameable Nameless Nameling Namesake<br/>Nametape Nanander Nanawood Nankeens Nannette Nanogram<br/>Nanosoma Nanowatt Nanoword Nansomia Naometry Napalmed<br/>Napellus Naperies Naphtali Naphthas Naphthol Naphthyl<br/>Naphtols Napiform Napkined Napoleon Nappiest Narceine<br/>Narceins Narcisms Narcissi Narcists Narcomas Narcoses

#3Words | 15#O
Oad Oaf Oak Oam Oar Oat<br/>Oba Obb Obe Obi Obj Obl<br/>Obs Obv Oca Och Ock Oct<br/>Oda Odd Ode Ods Odz Oer<br/>Oes Off Ofo Oft Ohm Oho<br/>Ohs Ohv Oie Oii Oik Oil<br/>Oka Oke Oki Ola Old Ole<br/>Olm Olp Oms Ona One Oni<br/>Ono Ons Ont Ony Oof Ooh<br/>Oos Oot Opa Ope Opp Ops<br/>Opt Ora Orb Orc Ord Ore<br/>Orf Org Orl Ors Ort Ory
Oafs Oaks Oaky Oars Oary Oast<br/>Oath Oats Oaty Oban Obdt Obes<br/>Obex Obey Obia Obis Obit Obli<br/>Oboe Obol Obus Ocas Ocht Odal<br/>Odax Odds Odea Odel Odes Odic<br/>Odin Odor Odso Odum Odyl Oeci<br/>Ofay Ofer Offs Ogam Ogee Ogle<br/>Ogor Ogpu Ogre Ogum Ohed Ohia<br/>Ohio Ohms Ohoy Oiks Oils Oily<br/>Oime Oink Oint Okas Okay Okee<br/>Okeh Oker Okes Oket Okey Okia<br/>Okie Okra Okro Okta Olaf Olam
Oadal Oaken Oakum Oared Oaric Oasal<br/>Oases Oasis Oasts Oaten Oater Oaths<br/>Oaves Obeah Obeli Obese Obeys Obias<br/>Obiit Obits Objet Oblat Obley Obmit<br/>Oboes Obole Oboli Obols Occas Occur<br/>Ocean Ocher Ochna Ochre Ochro Ochry<br/>Ocker Ocote Ocque Ocrea Octad Octal<br/>Octan Octet Octic Octyl Ocuby Oculi<br/>Ocyte Odder Oddly Odell Odeon Odeum<br/>Odist Odium Odoom Odors Odour Odyle<br/>Odyls Oecus Oelet Oenin Ofays Offal<br/>Offed Offer Offic Often Ofter Oftly
Oafdom Oafish Oakboy Oaklet Oakums Oakweb<br/>Oannes Oarage Oarial Oaring Oarium Oarlop<br/>Oarman Oasean Oatbin Oatear Oaters Oathay<br/>Oathed Obarne Obarni Obduce Obdure Obeahs<br/>Obeche Obeish Obeism Obelia Obelus Oberon<br/>Obeyed Obeyeo Obeyer Obfirm Obfusk Obiism<br/>Obispo Obital Obiter Object Objure Oblast<br/>Oblata Oblate Oblige Oblong Oboist Oboles<br/>Obolet Obolos Obolus Obongo Oboval Obrien<br/>Obrize Obsede Obsess Obside Obsign Obstet<br/>Obtain Obtect Obtend Obtent Obtest Obtund<br/>Obtuse Obvert Occamy Occult Occupy Occurs
Oakesia Oakland Oaklike Oakling Oakmoss Oakwood<br/>Oarcock Oarfish Oarhole Oaritic Oaritis Oarless<br/>Oarlike Oarlock Oarsman Oarsmen Oarweed Oasitic<br/>Oatcake Oatfowl Oathful Oathlet Oatland Oatlike<br/>Oatmeal Oatseed Obadiah Obclude Obconic Obeliac<br/>Obelial Obelias Obelion Obelise Obelisk Obelism<br/>Obelize Obesely Obesity Obeyers Obeying Obiisms<br/>Obitual Objects Objscan Oblasti Oblasts Oblated<br/>Oblates Oblatio Obliged Obligee Obliger Obliges<br/>Obligor Oblique Oblongs Obloquy Oboists Obolary<br/>Obovate Obovoid Obrazil Obscene Obscura Obscure<br/>Obsequy Observe Obstant Obtains Obtests Obtrect
Oafishly Oakberry Oarlocks Oatcakes Oatmeals Obbenite<br/>Obduracy Obdurate Obeahism Obedient Obeisant Obelised<br/>Obelises Obelisks Obelisms Obelized Obelizes Obeyable<br/>Obeyance Obidicut Obituary Objected Objectee Objecter<br/>Objector Oblately Oblating Oblation Oblatory Oblicque<br/>Obligant Obligate Obligati Obligato Obligees Obligers<br/>Obliging Obligors Obliqued Obliques Obliquus Oblivial<br/>Oblivion Oblongly Obnounce Obolaria Obouracy Obrogate<br/>Obrotund Obscener Obscuras Obscured Obscurer Obscures<br/>Observed Observer Observes Obsessed Obsesses Obsessor<br/>Obsidian Obsolesc Obsolete Obstacle Obstancy Obstante<br/>Obstruct Obstruse Obtainal Obtained Obtainer Obtected

#3Words | 16#P
Pac Pad Pah Pal Pam Pan<br/>Pap Par Pas Pat Pau Pav<br/>Paw Pax Pay Pbx Pcf Pci<br/>Pcm Pct Pdl Pdn Pdq Pea<br/>Ped Pee Peg Peh Pen Pep<br/>Per Pes Pet Pew Pfc Pfd<br/>Pfg Pfx Phi Pho Phr Pht<br/>Phu Pia Pic Pie Pig Pik<br/>Pil Pim Pin Pip Pir Pis<br/>Pit Piu Pix Pkg Pks Pkt<br/>Plf Pli Plu Ply Pmk Pmt<br/>Poa Pob Pod Poe Poh Poi
Paal Paar Paas Paba Paca Pace<br/>Pack Paco Pacs Pact Pacu Pads<br/>Paga Page Paha Pahi Paho Paid<br/>Paik Pail Pain Paip Pair Pais<br/>Pala Pale Pali Pall Palm Palp<br/>Pals Palt Paly Pams Pand Pane<br/>Pang Pani Pank Pans Pant Paon<br/>Papa Pape Paps Para Parc Pard<br/>Pare Pari Park Parl Parr Pars<br/>Part Pase Pash Pasi Pask Paso<br/>Pass Past Pata Patd Pate Path<br/>Pato Pats Patt Patu Paty Paua
Paauw Pablo Pacas Pacay Paced Pacer<br/>Paces Pacha Pacht Packs Pacos Pacta<br/>Pacts Padda Paddy Padge Padle Padou<br/>Padre Padri Padus Paean Paeon Pagan<br/>Paged Pager Pages Pagne Pagod Pagus<br/>Pahmi Pahos Paiks Pails Paine Pains<br/>Paint Pairs Pairt Paisa Paise Palar<br/>Palas Palau Palay Palch Palea Paled<br/>Paler Pales Palet Palew Palis Palki<br/>Palla Palli Palls Pallu Pally Palma<br/>Palmo Palms Palmy Palpi Palps Palsy<br/>Palta Palus Pamhy Pamir Pampa Panak
Pabble Pablum Pacane Pacate Pacaya Paccha<br/>Pacers Pachak Pachas Pacify Pacing Packed<br/>Packer Packet Packly Pacota Pactum Padang<br/>Padauk Padded Padder Paddle Padeye Padige<br/>Padina Padles Padnag Padouk Padres Padsaw<br/>Paduan Paeans Paegel Paegle Paella Paeons<br/>Paeony Paepae Pagans Pagers Paggle Pagina<br/>Pagine Paging Pagnes Pagoda Pagods Pagrus<br/>Paguma Pahari Paiche Paidle Paigle Paiked<br/>Paiker Pailoo Pailou Pailow Painch Pained<br/>Paints Painty Paiock Paired Pairer Pairle<br/>Paisan Paisas Paiute Paized Pajama Pajero
Pabalum Pabouch Pabular Pabulum Pacable Paceway<br/>Pachisi Pachons Pachuco Pachyma Pacific Pacinko<br/>Package Packall Packers Packery Packets Packing<br/>Packman Packmen Packrat Packwax Packway Pacolet<br/>Pacquet Paction Padasha Padauks Paddies Padding<br/>Paddled Paddler Paddles Paddock Padella Padesoy<br/>Padeyes Padfoot Padlike Padlock Padnags Padouks<br/>Padraic Padraig Padrino Padrona Padrone Padroni<br/>Padshah Padtree Paellas Paenula Paeonia Paeonic<br/>Paeonin Paesano Pagador Paganic Paganly Paganry<br/>Pageant Pageboy Pagedom Pageful Paginae Paginal<br/>Pagodas Pagurid Pagurus Paharia Pahlavi Pahlevi
Paawkier Pabulary Pabulous Pabulums Pacately Pacation<br/>Pacative Paccioli Pacemake Pachadom Pachalic Pachanga<br/>Pachinko Pachisis Pachouli Pachucos Pachypod Pacifica<br/>Pacifico Pacified Pacifier Pacifies Pacifism Pacifist<br/>Pacinian Packable Packaged Packager Packages Packeted<br/>Packings Packless Packness Packsack Packtong Packwall<br/>Packware Pactions Pactolus Padcloth Paddings Paddlers<br/>Paddling Paddocks Paddoing Paddyism Padelion Padishah<br/>Padlocks Padmelon Padpiece Padroado Padrones Padshahs<br/>Padstone Paduasoy Paeanism Paeanize Paenulae Paenulas<br/>Paeonian Paetrick Pagandom Paganise Paganish Paganism<br/>Paganist Paganity Paganize Pagatpat Pageants Pageboys

#3Words | 17#Q
Qadi Qaid Qats Qere Qeri Qoph<br/>Qtam Quab Quad Quae Quag Quai<br/>Qual Quam Quan Quar Quat Quaw<br/>Quay Quei Quem Ques Quet Quey<br/>Quia Quib Quid Quim Quin Quip<br/>Quis Quit Quiz Qung Quod Quop<br/>Quor Quos Quot
Qaids Qanat Qatar Qiana Qibla Qiyas<br/>Qophs Quack Quadi Quads Quaff Quags<br/>Quail Quais Quake Quaky Quale Qualm<br/>Quant Quare Quark Quarl Quart Quash<br/>Quasi Quass Quata Quate Quauk Quave<br/>Quawk Quays Qubba Queak Queal Quean<br/>Queen Queer Queet Quegh Quell Quelt<br/>Queme Quent Querl Quern Query Quest<br/>Queue Queys Quica Quick Quids Quiet<br/>Quiff Quila Quill Quilt Quina Quink<br/>Quins Quint Quipo Quips Quipu Quira<br/>Quire Quirk Quirl Quirt Quist Quite
Qanats Qantar Qasida Qindar Qintar Qiviut<br/>Quacks Quacky Quader Quadle Quadra Quaere<br/>Quaffs Quagga Quaggy Quahog Quaich Quaife<br/>Quaigh Quails Quaily Quaint Quaked Quaker<br/>Quakes Qualia Qually Qualms Qualmy Quando<br/>Quandy Quango Quanta Quanti Quants Quapaw<br/>Quarks Quarle Quarry Quarta Quarte Quarto<br/>Quarts Quartz Quasar Quashy Quasky Quatch<br/>Quatre Quatty Quaver Quayed Queach Queans<br/>Quease Queasy Queazy Quebec Quedly Queens<br/>Queers Queery Queest Queeve Queing Quelch<br/>Quelea Quells Quelme Quench Quenda Queres
Qabbala Qasidas Qindars Qintars Qiviuts Quabird<br/>Quachil Quacked Quackle Quadded Quaddle Quadrae<br/>Quadral Quadrat Quadrel Quadric Quadrin Quadrum<br/>Quaedam Quaeres Quaffed Quaffer Quaggas Quaggle<br/>Quahaug Quahogs Quaichs Quaighs Quailed Quaitso<br/>Quakers Quakery Quakier Quakily Quaking Qualify<br/>Quality Quamash Quangos Quannet Quantal Quanted<br/>Quantic Quantum Quarion Quarles Quarmen Quarred<br/>Quarrel Quartan Quarter Quartes Quartet Quartic<br/>Quartin Quartos Quartus Quartzy Quasars Quashed<br/>Quashee Quasher Quashes Quashey Quasses Quassia<br/>Quassin Quatern Quaters Quatral Quatres Quatrin
Qabbalah Qadarite Qaimaqam Qindarka Qoheleth Quaalude<br/>Quackery Quackier Quacking Quackish Quackism Quadding<br/>Quadplex Quadrans Quadrant Quadrate Quadrats Quadriad<br/>Quadrics Quadriga Quadrine Quadriti Quadroon Quadrual<br/>Quadrula Quaequae Quaesita Quaestio Quaestor Quaffers<br/>Quaffing Quaggier Quagmire Quagmiry Quahaugs Quaiches<br/>Quailery Quailing Quainter Quaintly Quakeful Quakeric<br/>Quakerly Quakiest Qualmier Qualmish Qualtagh Quamasia<br/>Quandang Quandary Quandong Quantics Quanties Quantify<br/>Quantile Quanting Quantity Quantize Quantong Quaranty<br/>Quardeel Quaresma Quarrels Quarrian Quarried Quarrier<br/>Quarries Quarrion Quarrome Quarsome Quartane Quartano

#3Words | 18#R
Rab Rad Rag Rah Raj Ram<br/>Ran Rap Ras Rat Raw Rax<br/>Ray Rcd Rct Rea Reb Rec<br/>Red Ree Ref Reg Reh Rei<br/>Rel Rem Ren Rep Req Res<br/>Ret Rev Rew Rex Rfb Rfs<br/>Rfz Rha Rhb Rhd Rhe Rho<br/>Ria Rib Ric Rid Rie Rig<br/>Rik Rim Rin Rio Rip Rit<br/>Riv Rix Rld Rle Rly Rms<br/>Rnd Rob Roc Rod Roe Rog<br/>Roi Rok Rom Ron Roo Ros
Raad Rabi Race Rach Rack Racy<br/>Rada Rads Rafe Raff Raft Raga<br/>Rage Ragi Rags Raia Raid Raif<br/>Rail Rain Rais Raja Rake Rakh<br/>Raki Raku Rale Ralf Rall Rals<br/>Rama Rame Rami Ramp Rams Rana<br/>Rand Rane Rang Rani Rank Rann<br/>Rant Raob Rape Raps Rapt Rara<br/>Rare Rasa Rase Rash Rasp Rata<br/>Rate Rath Rato Rats Rauk Raul<br/>Raun Rave Ravi Raws Raya Rays<br/>Raze Razz Rcpt Rcvr Read Reak
Raash Rabal Rabat Rabbi Rabic Rabid<br/>Rabin Rabot Raced Racer Races Rache<br/>Racks Racon Radar Radek Radii Radio<br/>Radix Radly Radon Raffe Raffs Rafik<br/>Rafts Rafty Ragas Raged Ragee Rager<br/>Rages Raggy Raghu Ragis Rahul Raiae<br/>Raias Raids Rails Rains Rainy Raise<br/>Rajab Rajah Rajas Rajes Rajiv Rakan<br/>Raked Rakee Raker Rakes Rakis Rakit<br/>Rales Rally Ralph Ramal Raman Rambo<br/>Ramed Ramee Ramet Ramex Ramie Rammi<br/>Rammy Ramon Ramps Ramta Ramus Ranal
Raanan Raasch Raband Rabato Rabban Rabbet<br/>Rabbin Rabbis Rabbit Rabble Rabfak Rabies<br/>Rablin Racche Raceme Racers Rachel Raches<br/>Rachet Rachis Racial Racier Racily Racing<br/>Racion Racism Racist Rackan Racked Racker<br/>Racket Rackle Racons Racoon Radars Radded<br/>Raddle Radeau Radeur Radiac Radial Radian<br/>Radion Radios Radiov Radish Radium Radius<br/>Radman Radome Radons Radula Rafael Rafale<br/>Raffee Raffia Raffle Rafted Rafter Ragbag<br/>Ragees Ragery Ragged Raggee Ragger Raggil<br/>Raggle Raging Raglan Raglet Raglin Ragman
Rabanna Rabatos Rabatte Rabbets Rabbies Rabbins<br/>Rabbish Rabbits Rabbity Rabbled Rabbler Rabbles<br/>Rabboni Rabidly Rabific Rabinet Rabious Rabitic<br/>Raccoon Raccroc Racemed Racemes Racemic Racette<br/>Raceway Rachets Rachial Raciest Racings Racisms<br/>Racists Rackers Rackets Rackett Rackety Rackful<br/>Racking Rackman Rackway Racloir Racoons Racquet<br/>Radding Raddled Raddles Radeaux Radford Radiale<br/>Radials Radians Radiant Radiary Radiata Radiate<br/>Radical Radicel Radices Radicle Radidii Radient<br/>Radiode Radioed Radious Radiums Radixes Radomes<br/>Radulae Radular Radulas Raffery Raffias Raffing
Raadzaal Rabatine Rabatted Rabbanim Rabbeted Rabbinic<br/>Rabbited Rabbiter Rabbitoh Rabbitry Rabblers Rabbling<br/>Rabbonim Rabbonis Rabelais Rabiator Rabidity Rabietic<br/>Rabiform Rabulous Racahout Raccoons Racecard Racegoer<br/>Racelike Raceline Racemase Racemate Racemism Racemize<br/>Racemoid Racemose Racemous Racemule Raceways Rachides<br/>Rachilla Rachises Rachitic Rachitis Racially Racinage<br/>Raciness Rackapee Rackbone Racketed Racketer Racketry<br/>Rackless Rackwork Raclette Racovian Racoyian Racquets<br/>Radarman Radarmen Raddling Radevore Radiable Radiably<br/>Radialia Radialis Radially Radiance Radiancy Radiants<br/>Radiated Radiates Radiator Radiatus Radicals Radicand

#3Words | 19#S
Saa Sab Sac Sad Sae Sag<br/>Sah Sai Saj Sak Sal Sam<br/>San Sao Sap Sar Sat Sau<br/>Sav Saw Sax Say Scf Sch<br/>Sci Scr Sct Sds Sea Sec<br/>Sed See Seg Sei Sel Sem<br/>Sen Sep Seq Ser Set Sew<br/>Sex Sey Sfm Sfz Sgd Sha<br/>She Shh Shi Sho Shp Shr<br/>Sht Shu Shy Sia Sib Sic<br/>Sid Sie Sig Sil Sim Sin<br/>Sip Sir Sis Sit Six Ski
Saad Saan Saba Sabe Sabs Sack<br/>Saco Sacs Sade Sadh Sadi Sado<br/>Sadr Safe Safi Saft Saga Sage<br/>Sago Sags Sagy Sahh Saho Saic<br/>Said Sail Saim Sain Saip Sair<br/>Saka Sake Saki Sala Sale Sall<br/>Salm Salp Sals Salt Same Samh<br/>Samp Sand Sane Sang Sank Sans<br/>Sant Sapa Sapo Saps Sara Sard<br/>Sare Sari Sark Sart Sasa Sash<br/>Sass Sata Satd Sate Sati Sauf<br/>Saul Saum Saur Saut Save Sawn
Sabal Saban Sabby Sabed Saber Sabes<br/>Sabia Sabik Sabin Sabir Sable Sably<br/>Sabot Sabra Sabre Sabzi Sacae Sacks<br/>Sacra Sacre Sacro Sacry Sades Sadhe<br/>Sadhu Sadic Sadie Sadis Sadly Saeta<br/>Safar Safen Safer Safes Sagai Sagan<br/>Sagas Sager Sages Saggy Sagos Sagra<br/>Sagum Sahib Sahme Saice Saidi Saids<br/>Saify Saiga Saiid Sails Saily Saimy<br/>Sains Saint Saiph Sairy Saite Saith<br/>Saiva Sajou Sakai Sakel Saker Sakes<br/>Sakha Sakis Sakti Salad Salal Salar
Saanen Sabalo Sabana Sabbat Sabbed Sabeca<br/>Sabers Sabian Sabicu Sabina Sabine Sabing<br/>Sabino Sabins Sabirs Sables Sabora Sabots<br/>Sabras Sabred Sabres Sabuja Sacate Sacbut<br/>Saccha Saccli Saccos Saccus Sacela Sachem<br/>Sachet Sacian Sacked Sacken Sacker Sacket<br/>Sacope Sacque Sacrad Sacral Sacred Sacrum<br/>Sadden Sadder Saddhu Saddik Saddle Sadhes<br/>Sadhus Sadism Sadist Sadite Saeima Saeter<br/>Saeume Safari Safavi Safely Safest Safety<br/>Safine Safini Safrol Saftly Sagaie Sagbut<br/>Sageer Sagely Sagene Sagest Saggar Sagged
Sabadin Sabaean Sabaism Sabaist Sabakha Sabalos<br/>Sabanut Sabaoth Sabaton Sabayon Sabbath Sabbats<br/>Sabbeka Sabbing Sabeing Sabella Sabelli Sabered<br/>Sabines Saboted Sabreur Sabrina Sabring Sabulum<br/>Saburra Sabutan Sacaton Sacatra Sacbuts Saccade<br/>Saccage Saccate Saccoon Saccule Sacculi Sacella<br/>Sachems Sachets Sackage Sackbag Sackbut Sackers<br/>Sackful Sacking Sackman Saclike Sacques Sacrals<br/>Sacrary Sacrate Sacrify Sacring Sacrist Sacrums<br/>Sadaqat Saddens Saddest Saddhus Saddish Saddled<br/>Saddler Saddles Sadhaka Sadhana Sadhika Sadiron<br/>Sadisms Sadists Sadleir Sadness Sadware Saecula
Sabadine Sabaeism Sabalote Sabatons Sabazian Sabazios<br/>Sabbaths Sabbatia Sabbatic Sabbaton Sabbitha Sabellan<br/>Sabellid Sabering Saberleg Sabinian Saboraim Sabotage<br/>Saboteur Sabotier Sabotine Sabromin Sabuline Sabulite<br/>Sabulose Sabulous Saburral Sacalait Sacaline Sacatons<br/>Sacbrood Saccades Saccadge Saccadic Saccated Saccomys<br/>Saccular Saccules Sacculus Sacellum Sacerdos Sachemic<br/>Sacheted Sackbuts Sackbutt Sackfuls Sackings Sackless<br/>Sacklike Sacksful Sacktime Sacraria Sacredly Sacrists<br/>Sacristy Saddened Saddlers Saddlery Saddling Sadducee<br/>Sadirons Sadistic Saebeins Saecular Saeculum Safaried<br/>Safehold Safeness Safetied Safeties Saffarid Saffrons

#3Words | 20#T
Taa Tab Tad Tae Tag Tai<br/>Taj Tal Tam Tan Tao Tap<br/>Tar Tas Tat Tau Tav Taw<br/>Tax Tay Tbs Tch Tck Tdr<br/>Tea Tec Ted Tee Tef Teg<br/>Tel Tem Ten Ter Tew Tex<br/>Tez Tfr Tgn Tgt Tha The<br/>Tho Thy Tib Tic Tid Tie<br/>Tig Til Tim Tin Tip Tis<br/>Tit Tiu Tji Tkt Tln Tlo<br/>Tlr Tmh Tng Tnt Toa Tob<br/>Tod Toe Tog Toi Tol Tom
Taal Taar Tabi Tabs Tabu Tace<br/>Tach Tack Taco Tact Tade Tads<br/>Tael Taen Taft Tags Taha Tahr<br/>Taig Tail Tain Tait Taka Take<br/>Takt Taku Taky Tala Talc Tald<br/>Tale Tali Talk Tall Tama Tame<br/>Tamp Tams Tana Tane Tang Tanh<br/>Tank Tano Tans Taos Tapa Tape<br/>Taps Tapu Tara Tare Tari Tarn<br/>Taro Tarp Tarr Tars Tart Tash<br/>Task Tass Tasu Tate Tath Tats<br/>Tatu Taum Taun Taur Taus Taut
Taata Tabac Tabby Tabel Taber Tabes<br/>Tabet Tabic Tabid Tabis Tabla Table<br/>Tabog Taboo Tabor Tabus Tabut Tacan<br/>Tacca Taces Tacet Tache Tachi Tachs<br/>Tacit Tacks Tacky Tacos Tacso Tacts<br/>Taels Taffy Tafia Tagal Tagel Taggy<br/>Tagua Tagus Tahar Tahil Tahin Tahrs<br/>Tahua Taich Taiga Tails Taily Taino<br/>Tains Taint Taipi Taipo Tairn Taise<br/>Taish Tajes Tajik Takao Takar Taked<br/>Taken Taker Takes Takin Takyr Talak<br/>Talao Talar Talas Talck Talcs Taled
Taband Tabard Tabbed Tabber Tabbis Tabefy<br/>Tabers Tabira Tablas Tabled Tabler Tables<br/>Tablet Taboos Taboot Tabors Tabour Tabret<br/>Tabriz Tabued Tabula Tabule Tacana Taches<br/>Tacked Tacker Tacket Tackey Tackle Tacoma<br/>Tactic Tactor Tactus Tadjik Taenia Taffia<br/>Taffle Tafias Tafwiz Tagala Tagalo Tagaur<br/>Tagged Tagger Taggle Tagish Taglet Taglia<br/>Tagrag Taguan Tagula Tahali Tahami Taheen<br/>Tahina Tahiti Tahona Tahsil Tahsin Taiaha<br/>Taigas Taigle Taihoa Taikih Taikun Tailed<br/>Tailer Tailet Tailge Taille Tailor Tailte
Tabacco Tabacin Tabacum Tabagie Tabanid Tabanus<br/>Tabards Tabaret Tabasco Tabaxir Tabbied Tabbies<br/>Tabbing Tabella Tabered Taberna Tabetic Tabidly<br/>Tabific Tabinet Tabitha Tableau Tablets Tablier<br/>Tablina Tabling Tablita Tabloid Tabooed Tabored<br/>Taborer Taboret Taborin Tabours Tabstop Tabuing<br/>Tabulae Tabular Tacanan Taccada Tachina Tachiol<br/>Tachism Tachist Tachyon Tacitly Tackers Tackets<br/>Tackety Tackier Tackies Tackify Tackily Tacking<br/>Tackled Tackler Tackles Tacnode Taconic Tactful<br/>Tactics Tactile Taction Tactite Tactive Tactoid<br/>Tactual Taculli Tadpole Taeniae Taenial Taenian
Taalbond Tabacism Tabagism Tabanids Tabanuco Tabarded<br/>Tabarets Tabashir Tabbarea Tabbinet Tabbises Tabbying<br/>Tabebuia Taberdar Tabering Tabernae Tabetics Tabitude<br/>Tableaus Tableaux Tableful Tableity Tableman Tableted<br/>Tabletop Tablinum Tabloids Tabooing Tabooism Tabooist<br/>Taborers Taborets Taborine Taboring Taborins Taborite<br/>Taboured Tabourer Tabouret Tabourin Tabstops Tabulare<br/>Tabulary Tabulata Tabulate Tacahout Tachinid Tachisme<br/>Tachisms Tachiste Tachists Tachygen Tacitean Taciturn<br/>Tacketed Tackiest Tacklers Tackless Tackling Tacksman<br/>Tacksmen Taclocus Tacnodes Taconian Taconite Tacpoint<br/>Tacsonia Tactable Tactical Tactions Tactless Tactosol

#3Words | 21#U
Ubc Ubi Uca Udi Udo Uds<br/>Ufo Ufs Ugh Ugt Uhs Uit<br/>Uji Uke Ula Ule Ull Ult<br/>Ulu Ume Umm Ump Umu Una<br/>Unb Unc Ung Uni Unl Unn<br/>Unp Uns Upo Ups Ura Urb<br/>Urd Ure Urf Uri Urn Uro<br/>Urs Uru Usa Use Ush Ust<br/>Usu Usw Uta Ute Uti Uts
Uang Ubii Ucal Udal Udic Udom<br/>Udos Ufer Ufos Ughs Ugli Ugly<br/>Uily Ukes Ulan Ulex Ulla Ulmo<br/>Ulna Ulta Ulto Ulua Ulus Ulva<br/>Umbo Umph Umps Umpy Unai Unal<br/>Unau Unbe Unca Unci Unco Uncs<br/>Unct Unde Undo Undy Ungt Unie<br/>Unio Unit Univ Unix Unta Unto<br/>Untz Unum Unze Upas Upby Updo<br/>Upgo Upla Upon Upsy Ural Uran<br/>Urao Urbs Urde Urds Urdu Urdy<br/>Urea Urge Uria Uric Urim Urna
Ualis Uaupe Uayeb Uchee Uckia Udasi<br/>Udder Udell Udish Ugali Uglis Ugric<br/>Uhlan Uhllo Uhuru Uigur Uinal Uinta<br/>Ukase Ulama Ulans Ulcer Ulcus Ulema<br/>Uller Ulmic Ulmin Ulmus Ulnad Ulnae<br/>Ulnar Ulnas Uloid Ulpan Ultra Uluhi<br/>Ululu Ulvan Ulvas Umaua Umbel Umber<br/>Umble Umbos Umbra Umbre Umest Umiac<br/>Umiak Umiaq Umiri Umist Ummps Umped<br/>Umpty Umset Unact Unadd Unais Unami<br/>Unamo Unapt Unark Unarm Unary Unaus<br/>Unbag Unbar Unbay Unbed Unbet Unbid
Uakari Ubangi Uberty Ubiety Ubique Ubound<br/>Ubussu Uchean Uckers Ucuuba Udaler Udders<br/>Uganda Ughten Uglier Uglify Uglily Ugrian<br/>Ugroid Ugsome Uhlans Uighur Uirina Ukases<br/>Ukiyoe Ulamas Ulaula Ulcers Ulcery Ulemas<br/>Uletic Ulicon Ulidia Ulitis Ullage Ulling<br/>Ulluco Ullucu Ulmate Ulmous Ulnage Ulnare<br/>Ulster Ultima Ultime Ultimo Ultion Ultras<br/>Umbels Umbers Umbles Umbone Umbrae Umbral<br/>Umbras Umbrel Umbret Umbril Umfaan Umgang<br/>Umiack Umiacs Umiaks Umiaqs Umland Umlaut<br/>Umload Umping Umpire Umpqua Umteen Unable
Uaraycu Uberant Uberous Ubiquit Ucayale Udaller<br/>Udalman Uddered Ufology Ugandan Ugarono Ugliest<br/>Uhtsong Uiguric Uintjie Uitotan Uitspan Ukelele<br/>Ukiyoye Ukraine Ukulele Ulcered Ulexine Ulexite<br/>Ulidian Ullaged Ullages Ulmaria Ulminic Ulnaria<br/>Ulonata Uloncus Ulpanim Ulsters Ultimas Ultimum<br/>Ululant Ululate Ulvales Ulysses Umbelap Umbeled<br/>Umbella Umbered Umberty Umbeset Umbilic Umbonal<br/>Umbones Umbonic Umbrage Umbraid Umbrana Umbrate<br/>Umbrere Umbrian Umbriel Umbrina Umbrine Umbrose<br/>Umbrous Umbundu Umiacks Umlauts Umpired Umpirer<br/>Umpires Umpteen Unacted Unacute Unadapt Unadded
Uarekena Ubbenite Ubbonite Uberrima Uberties Ubieties<br/>Ubiquist Ubiquity Udderful Udometer Udometry Ugandans<br/>Ugaritic Uglified Uglifier Uglifies Ugliness Uglisome<br/>Ugsomely Uigurian Uintaite Ukeleles Ukrainer Ukranian<br/>Ukuleles Ulcerate Ulcering Ulcerous Ulcuscle Ulexites<br/>Ullagone Ulmaceae Uloborid Uloborus Ulorrhea Ulothrix<br/>Ulstered Ulterior Ultimacy Ultimata Ultimate Ultimity<br/>Ultonian Ultradry Ultrahot Ultraism Ultraist Ultralow<br/>Ultranet Ultrared Ululated Ululates Ulvaceae Ulyssean<br/>Umangite Umatilla Umbecast Umbeclad Umbellar Umbelled<br/>Umbellet Umbellic Umberima Umbering Umbilici Umbonate<br/>Umbonial Umbonule Umbracle Umbrages Umbrally Umbrated

#3Words | 22#V
Vac Vag Vai Val Van Var<br/>Vas Vat Vau Vav Vaw Vax<br/>Vee Veg Vei Vel Ver Vet<br/>Vex Via Vic Vie Vii Vil<br/>Vim Vin Vip Vis Viz Voc<br/>Vod Voe Vog Vol Von Vow<br/>Vox Vss Vug Vum
Vaad Vade Vady Vage Vagi Vail<br/>Vain Vair Vale Vali Vall Vamp<br/>Vane Vang Vans Vara Vare Vari<br/>Vary Vasa Vase Vast Vasu Vats<br/>Vaus Vavs Vaws Vayu Veal Veau<br/>Veda Veen Veep Veer Vees Vega<br/>Veil Vein Vela Veld Vell Velo<br/>Vena Vend Vent Veny Veps Vera<br/>Verb Verd Veri Vern Vers Vert<br/>Very Vese Vesp Vest Veta Veto<br/>Vets Vext Vial Vias Vibe Vica<br/>Vice Vick Vide Vied Vier Vies
Vache Vacoa Vacua Vacuo Vadim Vadis<br/>Vagal Vagas Vague Vagus Vails Vaire<br/>Vairs Vairy Vajra Vakia Vakil Vales<br/>Valet Valew Valid Valmy Valor Valsa<br/>Valse Value Valva Valve Valyl Vamos<br/>Vamps Vance Vanda Vaned Vanes Vangs<br/>Vanir Vapid Vapor Vappa Varan Varas<br/>Varda Vardy Varec Varia Vario Varix<br/>Varna Varus Varve Vasal Vases Vasts<br/>Vasty Vates Vatic Vaudy Vault Vaunt<br/>Veals Vealy Vedda Vedet Vedic Vedro<br/>Veena Veeps Veers Veery Vefry Vegan
Vaadim Vacant Vacate Vacona Vacoua Vacouf<br/>Vacual Vacuit Vacuua Vacuum Vadium Vadose<br/>Vagant Vagary Vagile Vagina Vagous Vagrom<br/>Vaguer Vaguio Vahana Vahine Vahini Vaidic<br/>Vailed Vainer Vainly Vairee Vaisya Vakass<br/>Vakeel Vakils Valens Valent Valeta Valets<br/>Valeur Valewe Valgus Valine Valise Valium<br/>Valkyr Vallar Valley Vallis Vallum Valois<br/>Valors Valour Valses Valued Valuer Values<br/>Valure Valuta Valvae Valval Valvar Valved<br/>Valves Vamose Vamped Vamper Vampey Vamure<br/>Vandal Vandas Vangee Vanglo Vanish Vanist
Vaagmar Vaagmer Vaalite Vacance Vacancy Vacandi<br/>Vacante Vacated Vacates Vacatur Vaccary Vaccina<br/>Vaccine Vacuate Vacuefy Vacuist Vacuity Vacuole<br/>Vacuome Vacuous Vacuuma Vacuums Vafrous Vagally<br/>Vagancy Vaganti Vagient Vaginae Vaginal Vaginas<br/>Vagitus Vagnera Vagrant Vagrate Vaguely Vaguest<br/>Vaguios Vaguish Vaguity Vahines Vailing Vainest<br/>Vainful Vairagi Vaivode Vakeels Valance Valence<br/>Valency Valeral Valeria Valeric Valerie Valerin<br/>Valeryl Valeted Valetry Valgoid Valhall Valiant<br/>Validly Valinch Valines Valises Valkyrs Vallary<br/>Vallate Valleys Vallies Vallota Vallums Valonia
Vaagmaer Vaalpens Vacabond Vacantia Vacantly Vacantry<br/>Vacating Vacation Vaccaria Vaccenic Vaccinal Vaccinas<br/>Vaccinee Vaccines Vaccinia Vacherin Vachette Vacuolar<br/>Vacuoles Vacuumed Vadelect Vadimony Vagabond Vagarian<br/>Vagaries Vagarish Vagarist Vagarity Vagation Vagiform<br/>Vagility Vaginant Vaginate Vaginula Vaginule Vagogram<br/>Vagotomy Vagotony Vagrance Vagrancy Vagrants Vagulous<br/>Vailable Vainness Valanced Valances Valanche Valebant<br/>Valences Valencia Valentin Valerate Valerian Valerone<br/>Valetage Valetdom Valeting Valetism Valetude Valeward<br/>Valguses Valhalla Valiance Valiancy Valiants Validate<br/>Validity Validous Valiship Valkyria Valkyrie Vallancy

#3Words | 23#W
Wab Wac Wad Wae Waf Wag<br/>Wah Wan Wap War Was Wat<br/>Waw Wax Way Wea Web Wed<br/>Wee Wef Wei Wem Wen Wer<br/>Wes Wet Wey Wha Whf Who<br/>Whr Whs Why Wid Wig Wim<br/>Win Wir Wis Wit Wiz Wjc<br/>Wmk Woa Wob Wod Woe Wog<br/>Wok Won Woo Wop Wos Wot<br/>Wow Woy Wpm Wro Wry Wud<br/>Wun Wup Wur Wus Wut Wye<br/>Wyn
Waac Waag Waar Wabe Wabi Wabs<br/>Wace Wack Waco Wacs Wade Wadi<br/>Wads Wady Waeg Waer Waes Wafd<br/>Waff Waft Wage Wagh Wags Waif<br/>Waik Wail Wain Wair Wait Waka<br/>Wake Wakf Waky Wale Wali Walk<br/>Wall Walt Waly Wame Wamp Wand<br/>Wane Wang Wank Wans Want Wany<br/>Wapp Waps Warb Ward Ware Warf<br/>Wark Warl Warm Warn Warp Wars<br/>Wart Wary Wase Wash Wasn Wasp<br/>Wast Wath Wats Watt Wauf Wauk
Waapa Waasi Wabby Wacke Wacks Wacky<br/>Waddy Waded Wader Wades Wadge Wadis<br/>Wadna Waefu Wafer Waffs Wafts Wafty<br/>Waged Wager Wages Waget Wagga Waggy<br/>Wagon Wahoo Waifs Wails Waily Wains<br/>Waird Wairs Waise Waist Waits Waive<br/>Wakan Wakas Waked Waken Waker Wakes<br/>Wakhi Wakif Wakon Waled Waler Wales<br/>Walks Walla Walls Wally Walsh Walth<br/>Walty Waltz Wamel Wames Wamus Wands<br/>Wandy Waned Wanes Waney Wanga Wanky<br/>Wanle Wanly Wanna Wanny Wants Wanty
Wabayo Wabber Wabble Wabbly Wabena Wabeno<br/>Wabron Wabuma Wacago Wachna Wacken Wacker<br/>Wackes Wadded Wadder Waddie Waddle Waddly<br/>Waders Wadies Wading Wadmal Wadmel Wadmol<br/>Wadset Waeful Wafers Wafery Waffed Waffie<br/>Waffle Waffly Waflib Wafted Wafter Wagang<br/>Wagati Wagaun Wagers Wagged Waggel Wagger<br/>Waggie Waggle Waggly Waggon Waging Wagner<br/>Wagogo Wagoma Wagons Waguha Wagwag Wagwit<br/>Wahabi Wahahe Wahehe Wahima Wahine Wahoos<br/>Wahwah Waiata Waifed Waikly Wailed Wailer<br/>Wainer Wairch Waired Wairsh Waists Waited
Wabbled Wabbler Wabbles Wabster Wabunga Wacapou<br/>Wachaga Wackier Wackily Wadable Waddent Wadders<br/>Waddied Waddies Wadding Waddled Waddler Waddles<br/>Wadlike Wadmaal Wadmals Wadmeal Wadmels Wadmoll<br/>Wadmols Wadsets Waeness Waesome Waesuck Wafdist<br/>Wafered Waferer Waffies Waffing Waffled Waffles<br/>Waftage Wafters Wafting Wafture Waganda Wagedom<br/>Wagener Wagered Wagerer Waggers Waggery Wagging<br/>Waggish Waggled Waggles Waggons Waglike Wagling<br/>Wagoned Wagoner Wagonry Wagsome Wagtail Wagweno<br/>Wahabit Wahhabi Wahines Wahlund Waicuri Waifing<br/>Waiguli Wailaki Wailers Wailful Wailing Wainage
Wabblers Wabblier Wabbling Wacadash Wachuset Wackiest<br/>Waddings Waddlers Waddling Waddying Wadeable Wadingly<br/>Wadmaals Wadmaker Wadmolls Waesucks Wafering Waferish<br/>Wafflike Waffling Waffness Waftages Waftures Wagbeard<br/>Wageless Wageling Wagerers Wagering Wagesman Wagework<br/>Waggable Waggably Waggling Waggoned Waggoner Waggonry<br/>Wagonage Wagoneer Wagoners Wagoness Wagonful Wagoning<br/>Wagonman Wagonway Wagtails Wagwants Wahconda Wahpeton<br/>Waibling Waikness Wailment Wailsome Wainable Wainbote<br/>Wainrope Wainscot Waisters Waisting Waitings Waitlist<br/>Waitress Waitsmen Waivatua Wakandas Wakashan Wakeless<br/>Wakeners Wakening Wakerife Waketime Wakingly Waldglas

#3Words | 24#X
Xat Xcl Xed Xii Xis Xiv<br/>Xix Xvi Xxi Xxv Xxx Xyz<br/>Xctl Xdiv Xema Xeme Xiii Xina<br/>Xint Xipe Xmas Xosa Xray Xref<br/>Xvii Xxii Xxiv Xyla Xylo Xyst
Xebec Xenia Xenic Xenon Xenos Xenyl<br/>Xeres Xeric Xerox Xerus Xicak Xinca<br/>Xoana Xurel Xviii Xxiii Xylan Xylem<br/>Xylia Xylic Xylol Xylon Xylyl Xyrid<br/>Xyris Xysti Xysts
Xarque Xebecs Xenial Xenian Xenias Xenium<br/>Xenomi Xenons Xeriff Xeroma Xmases Xoanon<br/>Xylans Xylate Xylems Xylene Xylina Xylite<br/>Xyloid Xylols Xyloma Xylose Xyloyl Xylyls<br/>Xyster Xystoi Xystos Xystum Xystus
Xanthan Xanthic Xanthid Xanthin Xanthyl Xenicus<br/>Xenopus Xenurus Xerafin Xerarch Xerasia Xerogel<br/>Xeronic Xeroses Xerosis Xerotes Xerotic Xeroxed<br/>Xeroxes Xeruses Xicaque Ximenia Xiphias Xiphiid<br/>Xiphius Xiphoid Xiphura Xoanona Xylaria Xylenes<br/>Xylenol Xylenyl Xyletic Xylidic Xylidin Xylinid<br/>Xylitol Xylogen Xylomas Xylonic Xylopia Xyloses<br/>Xylosid Xylosma Xylylic Xyphoid Xysters
Xanthane Xanthans Xanthate Xanthein Xanthene Xanthian<br/>Xanthide Xanthine Xanthins Xanthism Xanthite Xanthium<br/>Xanthoma Xanthone Xanthous Xantippe Xaverian Xenagogy<br/>Xenarchi Xenelasy Xenochia Xenocyst Xenoderm Xenogamy<br/>Xenogeny Xenolite Xenolith Xenophya Xenotime Xeransis<br/>Xerantic Xeraphin Xeromata Xeronate Xerophil Xerosere<br/>Xeroxing Xiphioid Xiphiura Xiphodon Xiphoids Xiphuous<br/>Xiraxara Xylidine Xylidins Xylitols Xylitone Xylocarp<br/>Xylocopa Xyloidin Xylology Xylomata Xylonite Xylorcin<br/>Xyloside Xylotile Xylotomy Xylotrya Xylylene

#3Words | 25#Y
Yad Yah Yak Yam Yan Yao<br/>Yap Yar Yas Yat Yaw Yay<br/>Yds Yea Yed Yee Yeh Yen<br/>Yeo Yep Yer Yes Yet Yew<br/>Yex Yez Yid Yin Yip Yis<br/>Yob Yod Yoe Yoi Yok Yom<br/>Yon Yor Yot You Yow Yox<br/>Yoy Yrs Yug Yuh Yuk Yum<br/>Yun Yup Yus
Yaba Yabu Yack Yade Yaff Yagi<br/>Yair Yaje Yaka Yaks Yalb Yald<br/>Yale Yali Yamp Yams Yana Yang<br/>Yank Yapa Yapp Yaps Yarb Yard<br/>Yare Yark Yarl Yarm Yarn Yarr<br/>Yaru Yate Yati Yaud Yaup Yava<br/>Yawl Yawn Yawp Yaws Yawy Yaya<br/>Ycie Yday Yeah Yean Year Yeas<br/>Yeat Yech Yede Yeel Yees Yegg<br/>Yeld Yelk Yell Yelm Yelp Yelt<br/>Yeni Yens Yeom Yerb Yerd Yere<br/>Yerk Yern Yese Yeso Yest Yeta
Yabbi Yabby Yaboo Yacal Yacca Yacht<br/>Yacks Yadim Yaffs Yager Yagis Yagua<br/>Yahan Yahoo Yaird Yajna Yakan Yakin<br/>Yakka Yakut Yalla Yamel Yamen Yameo<br/>Yampa Yamph Yamun Yanan Yangs Yanks<br/>Yanky Yaply Yapok Yapon Yappy Yaqui<br/>Yarak Yaray Yards Yarer Yarke Yarly<br/>Yarns Yarry Yarth Yasht Yasna Yauds<br/>Yauld Yaups Yawed Yawey Yawls Yawns<br/>Yawny Yawps Yazoo Yclad Yeans Yeara<br/>Yeard Yearn Years Yeast Yecch Yechs<br/>Yechy Yeech Yeggs Yelek Yelks Yells
Yabber Yabbie Yabble Yacare Yacata Yachan<br/>Yachts Yachty Yacked Yadava Yaffed Yaffil<br/>Yaffle Yagers Yagger Yagnob Yaguas Yahgan<br/>Yahoos Yahuna Yahveh Yahweh Yairds Yajein<br/>Yakala Yakalo Yakima Yakked Yakker Yakmak<br/>Yakman Yakona Yaksha Yakshi Yallow Yamato<br/>Yamens Yammer Yampee Yamuns Yander Yanked<br/>Yankee Yanker Yannam Yanqui Yantra Yaoort<br/>Yaourt Yapman Yapock Yapoks Yapons Yapped<br/>Yapper Yaqona Yarded Yarder Yarely Yarest<br/>Yareta Yarkee Yarned Yarnen Yarner Yarpha<br/>Yarran Yarrow Yarura Yaruro Yasmak Yatter
Yabbers Yachted Yachter Yacking Yadayim Yaffing<br/>Yaffler Yaguaza Yahwism Yahwist Yajeine Yajenin<br/>Yakamik Yakkers Yakking Yakonan Yakutat Yallaer<br/>Yallock Yamalka Yamamai Yamanai Yamilke Yammers<br/>Yamshik Yamulka Yangtao Yangtze Yankees Yanking<br/>Yankton Yanquis Yantras Yaourti Yapness Yapocks<br/>Yappers Yapping Yappish Yapster Yaquina Yardage<br/>Yardang Yardarm Yardful Yarding Yardman Yardmen<br/>Yarkand Yarners Yarning Yarrows Yarthen Yaruran<br/>Yarwhip Yashiro Yashmac Yashmak Yasmaks Yatagan<br/>Yatigan Yatters Yatvyag Yaupers Yauping Yaupons<br/>Yautias Yavapai Yawling Yawners Yawnful Yawnily
Yabbered Yachtdom Yachters Yachting Yachtist Yachtman<br/>Yachtmen Yaghourt Yahganan Yahoodom Yahooish Yahooism<br/>Yahrzeit Yahuskin Yajenine Yakitori Yamacraw Yamalkas<br/>Yamamadi Yamassee Yammadji Yammered Yammerer Yammerly<br/>Yamulkas Yanacona Yancopin Yanggona Yankeefy Yannigan<br/>Yanolite Yardages Yardarms Yardbird Yardkeep Yardland<br/>Yardsman Yardwand Yardwork Yariyari Yarmalke Yarmelke<br/>Yarmouth Yarmulka Yarmulke Yarovize Yarraman Yarramen<br/>Yarwhelp Yashmacs Yashmaks Yatagans Yataghan Yatalite<br/>Yattered Yauapery Yawlsman Yawmeter Yawpings Yawshrub<br/>Ycleping Yealings Yeanling Yearbird Yearbook Yearends<br/>Yearlies Yearling Yearlong Yearners Yearnful Yearning

#3Words | 26#Z
Zac Zad Zag Zak Zan Zap<br/>Zar Zat Zax Zea Zed Zee<br/>Zek Zel Zen Zep Zer Zho<br/>Zig Zip Zit Zoa Zod Zoo
Zach Zack Zags Zain Zant Zany<br/>Zaps Zarf Zarp Zati Zeal Zebu<br/>Zeds Zeed Zees Zein Zeke Zeks<br/>Zeme Zemi Zend Zenu Zero Zest<br/>Zeta Zeus Ziff Zigs Zila Zill<br/>Zimb Zinc Zing Zink Zion Zipa<br/>Zips Zira Ziti Zits Zizz Zobo<br/>Zoea Zogo Zoic Zoid Zoll Zona<br/>Zone Zool Zoom Zoon Zoos Zori<br/>Zubr Zulu Zuni Zuza Zyga Zyme
Zabra Zabti Zaire Zakah Zakat Zaman<br/>Zambo Zamia Zande Zante Zanza Zanze<br/>Zapas Zapus Zaque Zarfs Zaxes Zayat<br/>Zayin Zazen Zeals Zebec Zebra Zebub<br/>Zebus Zeins Zeism Zeiss Zeist Zemmi<br/>Zemni Zendo Zerda Zerma Zeros Zests<br/>Zesty Zetas Zhmud Ziara Zibet Ziega<br/>Ziffs Zigan Zihar Zilch Zilla Zills<br/>Zimbi Zimme Zimmi Zimmy Zinco Zincs<br/>Zincy Zineb Zings Zingy Zinke Zinky<br/>Zippy Zirai Zirak Ziram Zitis Zizel<br/>Zizia Zizit Zlote Zloty Zmudz Zoaea
Zabeta Zabian Zabism Zabtie Zacate Zachun<br/>Zaddik Zaffar Zaffer Zaffir Zaffre Zafree<br/>Zaftig Zagaie Zagged Zaguan Zaires Zaitha<br/>Zakkeu Zamang Zambac Zambal Zambia Zambra<br/>Zamias Zanana Zander Zaniah Zanier Zanies<br/>Zanily Zanjon Zanzas Zapara Zaparo Zapota<br/>Zapote Zapped Zapupe Zaqqum Zaramo Zareba<br/>Zarema Zariba Zarnec Zaurak Zayins Zazens<br/>Zealed Zealot Zeatin Zebeck Zebecs Zebras<br/>Zechin Zeekoe Zeguha Zehner Zeidae Zelant<br/>Zenaga Zenana Zendic Zendik Zendos Zenick<br/>Zenith Zephyr Zequin Zereba Zeroed Zeroes
Zabaean Zabaism Zaberma Zaburro Zacatec Zacaton<br/>Zaddick Zadruga Zaffars Zaffers Zaffirs Zaffree<br/>Zaffres Zagging Zairian Zakuska Zakuski Zamarra<br/>Zamarro Zambezi Zambian Zamenis Zamorin Zamouse<br/>Zananas Zanders Zanella Zaniest Zanjero Zanjona<br/>Zanonia Zantiot Zanyish Zanyism Zaparan Zapateo<br/>Zaphara Zapotec Zapping Zaptiah Zaptieh Zarebas<br/>Zareeba Zaribas Zarnich Zattare Zealand Zealful<br/>Zealots Zealous Zeatins Zebecks Zebedee Zebraic<br/>Zebrass Zebrina Zebrine Zebroid Zebrula Zebrule<br/>Zebulun Zeburro Zecchin Zechins Zedoary Zelator<br/>Zelkova Zelotic Zemeism Zemiism Zemstva Zemstvo
Zabaione Zabajone Zacateco Zacatons Zaddikim Zadokite<br/>Zaibatsu Zairians Zalophus Zamarras Zamarros Zambians<br/>Zambomba Zamicrus Zamindar Zaminder Zamorine Zampogna<br/>Zandmole Zaniness Zantiote Zanyship Zanzibar Zaparoan<br/>Zapateos Zapatero Zaphetic Zapoteco Zaptiahs Zaptiehs<br/>Zaptoeca Zaratite Zareebas Zarzuela Zastruga Zastrugi<br/>Zavijava Zealless Zealotic Zealotry Zealousy Zebrinny<br/>Zecchini Zecchino Zecchins Zelanian Zelatrix Zelkovas<br/>Zemindar Zemstvos Zenaidas Zenithal Zenonian Zeolites<br/>Zeolitic Zeoscope Zephiran Zephyrus Zeppelin Zerumbet<br/>Zestiest Zestless Zetacism Zibeline Zibetone Ziggurat<br/>Zigzaggy Zikkurat Zikurats Zillions Zimbabwe Zimbalon

#4Sentences
You are loved.<br/>You make me smile.<br/>My world is better with you in it.<br/>I will do my best to keep you safe.<br/>Being your parent is the best thing in the world.<br/>I miss you when i don't see you.<br/>I love you just the way you are.<br/>You are my sunshine.
Trust your instincts.<br/>I have faith in you.<br/>I know you can handle it.<br/>You are creative.<br/>Your ideas are worthwhile.<br/>You are capable.<br/>You are deserving.<br/>You are strong.
You can say no.<br/>Your choices matter.<br/>You make a difference.<br/>Your words are powerful.<br/>Your actions are powerful.<br/>Your emotions may be powerful.<br/>And you can still choose your actions.<br/>You are more than your emotions.
You are a good friend.<br/>You are kind.<br/>You can change your mind.<br/>You can learn from your mistakes.<br/>You can ask for help.<br/>You are learning.<br/>You are growing.<br/>Growing is hard work.
I believe you.<br/>I trust you.<br/>You are valuable.<br/>You are interesting.<br/>You are beautiful.<br/>When you make a mistake, you arestillbeautiful.<br/>Your body is your own.<br/>You have say over your body.
You are important.<br/>Your ideas matter.<br/>You are able to do work that matters.<br/>I see you working and learning every day.<br/>You make a difference in my life.<br/>I am curious what you think.<br/>How did you do that?<br/>Your ideas are interesting.
You've made me think of things in a completely<br/>new way. I'm excited to see what you do.<br/>Thanks for helping me.<br/>Thank you for contributing to our family.<br/>I enjoy your company.<br/>It's fun to do things with you.<br/>I'm glad you're here.<br/>I'm happy to talk with you.
I'm ready to listen.<br/>I'm listening.<br/>I'm proud of you.<br/>I'm grateful you're in my life.<br/>Your choices matter.<br/>I can see you're really trying.<br/>Keep on trying.<br/>You almost got it.
I can see you tried hard.<br/>I appreciate your help.<br/>How do you feel about that?<br/>I'm glad you enjoy learning!<br/>I'll bet you knew you could do it.<br/>You make my job easy.<br/>You're really giving that your best!<br/>You're the bright spot in my day.
You've just about got it.<br/>You're really improving.<br/>You're getting better!<br/>Now you have it.<br/>Now you've figured it out!<br/>That's really creative.<br/>Thanks for helping make this a good day!<br/>Nice going!
That's the way to do it.<br/>You did it that time!<br/>One more time and you'll have it!<br/>Hey, you did it!<br/>I believe in you.<br/>I'm so happy for you.<br/>You must feel good about that.<br/>You've make a lot of progress.
I'll bet you can figure it out.<br/>I like the way you handled that!<br/>Good remembering.<br/>You're fun to be around.<br/>You must've been practicing.<br/>Your were a real help today.<br/>I appreciate your help.<br/>Give yourself a pat on the back!
You did a lot of work today!<br/>Look how far you've come.<br/>You're improving a lot.<br/>You're really getting that hang of it.<br/>I think you can do it.<br/>I have a nice time when you are along.<br/>Being with you is a treat for me.<br/>You make it.
I think about you ALL the time.<br/>You are gifted!<br/>You are unique.<br/>Your laugh is one of the best things about you.<br/>You can be a great leader.<br/>You are SO intelligent.<br/>Wow, what a thoughtful kid you are.<br/>I love spending time with you.
You can tell me anything.<br/>I will love you no matter what.<br/>I am so proud of you.<br/>I am proud of the person you are becoming.<br/>You are kind.<br/>You are special.<br/>Tell me about what you are doing.<br/>My world is better with you in it.
It's fun to do things with you.<br/>I'm glad you're here.<br/>Your honesty makes me so proud.<br/>I know you will do GREAT things.<br/>Follow your heart.<br/>I'm grateful for you.<br/>I will always be here.<br/>The world needs you.
You are amazing!<br/>Just keep going and keep trying.<br/>Not giving up is one of your best traits.<br/>Don't give up, and start what you finish.<br/>If you believe it, you can achieve it.<br/>Your mistakes are chances to learn.<br/>Reach for the stars.<br/>You are unstoppable.
Challenges make you stronger.<br/>Make an effort, NOT an excuse.<br/>Follow your dreams.<br/>Take a break and come back to it.<br/>You can always try again.<br/>You don't always need to win.<br/>Think before you act.<br/>This feeling will pass.
It's okay to feel scared.<br/>It's okay to feel sad.<br/>It's okay to feel angry too.<br/>Everyone worries sometimes.<br/>Everyone feels upset sometimes.<br/>Trust your instincts.<br/>Nobody is perfect, and that is ok.<br/>You are MORE than your emotions.
Work towards solving problems.<br/>Don't think too much.<br/>Go play!<br/>Have fun!<br/>Don't be afraid.<br/>In time, you will feel better.<br/>Enjoy the moment!<br/>Don't worry, be happy.
Let your mind settle.<br/>Like the sand in the ocean.<br/>You will get through this.<br/>Not all days are bad.<br/>You have a kind heart.<br/>So always be kind, no matter what.<br/>Stay positive, keep dreaming.<br/>Get back up!
You are strong.<br/>Life is like a box of chocolates;<br/>You never know what you're going to get.<br/>You got this!<br/>Pause, breathe,<br/>Everything will be okay.<br/>This is not the end, but the beginning.<br/>The sun will come out tomorrow.
Always help those who need it.<br/>Be honest, even if you mess up!<br/>You are one smart cookie.<br/>You can say no!<br/>I see you working really hard.<br/>Thanks for being a great helper.<br/>There is only one you, so be yourself.<br/>You are learning.
I am curious, what do you think?<br/>Let's try it your way.<br/>You're a good boy.<br/>You don't always need to follow the crowd.<br/>I can see you're really trying.<br/>Be proud of yourself.<br/>Well done for giving it a go.<br/>I can see how much you have improved.
Great job figuring out.<br/>I love how you created that.<br/>One more time and you'll have it.<br/>Trust yourself.<br/>You came up with<br/>a great solution to the problem.<br/>Your effort is making a difference.<br/>Your perseverance will help you succeed.
What you did was very kind.<br/>You're being a great friend.<br/>I love your kind heart.<br/>I notice you were really patient.<br/>Your imagination is awesome.<br/>I really like how creative you were.<br/>I like how you pursue new ideas.<br/>You're so brave to try something new.
Believe in yourself, you can do it.<br/>Don't be afraid to be yourself.<br/>Your opinion matters to me.<br/>You inspire me.<br/>It takes courage to grow up<br/>and become who you really are.<br/>Make your dreams big;<br/> you will grow into them.
Your only limit is your imagination.<br/>Make the most of the time you have.<br/>There will never be another you.<br/>You are capable of so many things.<br/>Chase your dreams instead of running from your fears.<br/>Your actions can change the world.<br/>Don't forget to have fun during the journey.<br/>You are connected to a family, a community,a world.<br/>Use your power wisely.
Mistakes make your brain grow.<br/>Keep your eye on the prize.<br/>Don't give up, and start what you finish.<br/>Be positive, patient and persistent.<br/>"A person who never made a mistake<br/>never tried anything new." -- Albert Einstein<br/>When it rains, look for rainbows.<br/>When it's dark, look for stars.
"Just keep swimming." -- Dory<br/>Tough times never last. Tough people do.<br/>You have so much room to grow<br/>as long as you don't give up.<br/>"Most of the really exciting things<br/>we do in our lives scare us to death.<br/>They wouldn't be exciting if they didn't."<br/>-- Roald Dahl
"Everyone you admire was once a beginner."<br/> -- Jack Butcher.<br/>Nobody is perfect,<br/>that's why pencils have erasers.<br/>If plan A doesn't work out,<br/>the alphabet has 25 more letters.<br/>"Failure is not falling down;<br/>it is not getting up again." -- Mary Pickford
"The time is always right<br/> to do what is right." -- Martin Luther King, Jr.<br/>You'll never regret<br/>being a good friend.<br/>The strongest souls have the softest hearts.<br/>Try to be a rainbow in someone else's cloud.<br/>Find joy in others' joy.<br/>Be the one who makes others feel included.
"No act of kindness, no matter how small,<br/>is ever wasted." -- Aesop<br/>"Be kind whenever possible.<br/>It is always possible." -- Dalai Lama<br/>Throw kindness around like confetti.<br/>Your compassion for others is wonderful.<br/>You were born to be real, not to be perfect.<br/>I like your unique sense of style.
You are braver than you believe,<br/>and stronger than you seem,<br/>and smarter than you think.<br/>Listen to the inner voice and bravely obey that.<br/>You've already survived 100 percent<br/> of your bad days.<br/>It's ok not to be ok.<br/>Just know that you're not alone.
"Courage is not having the strength to go on;<br/>it is going on when you don't have the strength."<br/>-- Theodore Roosevelt.<br/>Everyone feels scared sometimes.<br/>You wouldn't know what a good day was<br/>if you didn't have a few bad ones.<br/>Grow through what you go through.<br/>We do get do-overs.
What you are feeling is normal.<br/>Everyone has things to work on.<br/>Not all days are bad.<br/>Pause and focus on your breathing.<br/>"You can't stop people from<br/>saying bad things about you.<br/>All you can do is make them liars."<br/>-- Thomas Sowell
The end of one thing is<br/>the beginning of something else.<br/>Think of one thing that made you smile today.<br/>It's a good day to have a good day.<br/>Let your light shine today.<br/>"Look up at the stars and not down at your feet.<br/>Try to make sense of what you see,<br/>and wonder about what makes the universe exist.<br/>Be curious." -- Stephen Hawking
Do things for joy or for learning,<br/>not for attention.<br/>Focus on what brings you energy,<br/>not what sucks it away.<br/>"You have brains in your head.<br/>You have feet in your shoes.<br/>You can steer yourself<br/>in any direction you choose." -- Dr. Seuss
A great man is hard on himself;<br/>a small man is hard on others.<br/>A person can achieve everything<br/>by being simple and humble.<br/>The most persevering becomes the most talented.<br/>You will earn the respect of all men<br/>if you begin by earning the respect of yourself.<br/>I like criticism. It makes you strong.
You can do anything, but not everything.<br/>Wise people never think they know it all.<br/>Don't talk about plans. Only show results.<br/>Do good, reap good; do evil, reap evil.<br/>"All our dreams can come true,<br/>if we have the courage to pursue them." -- Walt Disney<br/>The secret of getting ahead is getting started.<br/>The best time to plant a tree was 20 years ago.<br/>The second best time is now.
Don't limit yourself.<br/>Many people limit themselves to what they think they can do.<br/>You can go as far as your mind lets you.<br/>What you believe, remember, you can achieve.<br/>If people are doubting how far you can go,<br/>go so far that you can't hear them anymore.<br/>Everything you can imagine is real.<br/>Do one thing every day that scares you.
It's no use going back to yesterday,<br/>because I was a different person then.<br/>Do what you feel in your heart to be right<br/>for you'll be criticized anyway.<br/>You've gotta dance like there's nobody watching,<br/>love like you'll never be hurt,<br/>sing like there's nobody listening,<br/>and live like it's heaven on earth.
Smart people learn from everything and everyone,<br/>average people from their experiences,<br/>stupid people already have all the answers.<br/>Whatever you are, be a good one.<br/>When one door of happiness closes,<br/>another opens; but often<br/>we look so long at the closed door that<br/>we do not see the one which has been opened for us.
The same boiling water that softens the potato<br/> hardens the egg.<br/>It's what you're made of.<br/>Not the circumstances.<br/>You can either experience the pain of discipline<br/>or the pain of regret. The choice is yours.<br/>Don't be afraid to give up the good<br/>to go for the great.
"People who wonder<br/>if the glass is half empty or full<br/>miss the point.<br/>The glass is refillable." <br/>One day or day one. You decide.<br/>I'm alive, motivated and ready to slay the day.<br/>Invest in your dreams. Grind now. Shine later.<br/>Focus on one thing at a time.
We are what we repeatedly do.<br/>Excellence, then, is not an act, but a habit.<br/>Great things are done<br/>by a series of small things brought together.<br/>"If you hear a voice within you say<br/>'you cannot paint,'<br/>then by all means paint and<br/>that voice will be silenced." -- Vincent Van Gogh
It's not the load that breaks you down,<br/>it's the way you carry it.<br/>Some people want it to happen,<br/>some wish it would happen, others make it happen.<br/>"If you believe it'll work out,<br/>you'll see opportunities.<br/>If you don't believe it'll work out,<br/>you'll see obstacles." -- Wayne Dyer
Don't limit your challenges.<br/>Challenge your limits.<br/>In the middle of every difficulty lies opportunity.<br/>Dreams don't work unless you do.<br/>Go the extra mile. It's never crowded there.<br/>What defines us is how well we rise after falling<br/>Make each day your masterpiece.<br/>Turn your wounds into wisdom.
"Success is no accident. It is hard work,<br/>perseverance, learning, studying, sacrifice<br/>and most of all, love of what you are doing<br/>or learning to do." -- Pele<br/>"I hated every minute of training,<br/>but I said, 'Don't quit.<br/>Suffer now and live the rest of your life<br/> as a champion." -- Muhammad Ali
The best way out is always through.<br/>If there is no struggle, there is no progress.<br/>Courage is like a muscle. We strengthen it by use.<br/>More is lost by indecision than wrong decision.<br/>Worry is a misuse of imagination.<br/>A year from now you'll wish you had started today.<br/>Somewhere, something great is waiting to be known.
If you see someone without a smile,<br/>give them one of yours.<br/>It always seems impossible until it is done.<br/>Keep your face to the sunshine<br/>and you cannot see a shadow.<br/>The only time you fail is when you fall down<br/>and stay down.<br/>It makes a big difference in your life<br/>when you stay positive.<br/>The way i see it, if you want the rainbow,<br/>you gotta put up with the rain.
